1,"TV, 휴식","aac/TV, 휴식/News.png",News
2,"TV, 휴식","aac/TV, 휴식/뮤지컬.png",뮤지컬
3,"TV, 휴식","aac/TV, 휴식/생년월일.png",생년월일
4,"TV, 휴식","aac/TV, 휴식/생일 축하해.png",생일 축하해
5,"TV, 휴식","aac/TV, 휴식/생일 케이크.png",생일 케이크
6,"TV, 휴식","aac/TV, 휴식/생일.png",생일
7,"TV, 휴식","aac/TV, 휴식/시청하다.png",시청하다
8,"TV, 휴식","aac/TV, 휴식/여행.png",여행
9,"TV, 휴식","aac/TV, 휴식/영화.png",영화
10,"TV, 휴식","aac/TV, 휴식/영화관.png",영화관
11,"TV, 휴식","aac/TV, 휴식/영화를 보다.png",영화를 보다
12,"TV, 휴식","aac/TV, 휴식/요리 프로그램.png",요리 프로그램
13,"TV, 휴식","aac/TV, 휴식/인터뷰하다.png",인터뷰하다
14,"TV, 휴식","aac/TV, 휴식/자전거 타다.png",자전거 타다
15,"TV, 휴식","aac/TV, 휴식/채널을 바꾸다.png",채널을 바꾸다
16,"TV, 휴식","aac/TV, 휴식/초대.png",초대
17,"TV, 휴식","aac/TV, 휴식/초대하다.png",초대하다
18,"TV, 휴식","aac/TV, 휴식/초를 불다.png",초를 불다
19,"TV, 휴식","aac/TV, 휴식/축하.png",축하
20,"TV, 휴식","aac/TV, 휴식/컴퓨터게임하다 .png",컴퓨터게임하다
21,"TV, 휴식","aac/TV, 휴식/케이크.png",케이크
22,"TV, 휴식","aac/TV, 휴식/켜다.png",켜다
23,"TV, 휴식","aac/TV, 휴식/콘솔 게임.png",콘솔 게임
24,"TV, 휴식","aac/TV, 휴식/퀴즈쇼.png",퀴즈쇼
25,"TV, 휴식","aac/TV, 휴식/타다.png",타다
26,"TV, 휴식","aac/TV, 휴식/타잔.png",타잔
27,"TV, 휴식","aac/TV, 휴식/테트리스 .png",테트리스 
28,"TV, 휴식","aac/TV, 휴식/팩맨.png",팩맨
29,"가구,가전제품","aac/가구,가전제품/고데기.png",고데기
30,"가구,가전제품","aac/가구,가전제품/냉장고.png",냉장고
31,"가구,가전제품","aac/가구,가전제품/드롱기.png",드롱기
32,"가구,가전제품","aac/가구,가전제품/로봇청소기.png",로봇청소기
33,"가구,가전제품","aac/가구,가전제품/이어폰.png",이어폰
34,"가구,가전제품","aac/가구,가전제품/전기면도기.png",전기면도기
35,"가구,가전제품","aac/가구,가전제품/카메라.png",카메라
36,"가족, 사람","aac/가족, 사람/가족.png",가족
37,"가족, 사람","aac/가족, 사람/강사.png",강사
38,"가족, 사람","aac/가족, 사람/건축가.png",건축가
39,"가족, 사람","aac/가족, 사람/걸음마를 하다.png",걸음마를 하다
40,"가족, 사람","aac/가족, 사람/결혼.png",결혼
41,"가족, 사람","aac/가족, 사람/경비원.png",경비원
42,"가족, 사람","aac/가족, 사람/경찰관.png",경찰관
43,"가족, 사람","aac/가족, 사람/경호원.png",경호원
44,"가족, 사람","aac/가족, 사람/계산원.png",계산원
45,"가족, 사람","aac/가족, 사람/공무원.png",공무원
46,"가족, 사람","aac/가족, 사람/과학자.png",과학자
47,"가족, 사람","aac/가족, 사람/교장선생님.png",교장선생님
48,"가족, 사람","aac/가족, 사람/국회의원.png",국회의원
49,"가족, 사람","aac/가족, 사람/군인.png",군인
50,"가족, 사람","aac/가족, 사람/그녀.png",그녀
51,"가족, 사람","aac/가족, 사람/꽃집 주인.png",꽃집 주인
52,"가족, 사람","aac/가족, 사람/남자.png",남자
53,"가족, 사람","aac/가족, 사람/남편.png",남편
54,"가족, 사람","aac/가족, 사람/노인.png",노인
55,"가족, 사람","aac/가족, 사람/누나, 언니.png","누나, 언니"
56,"가족, 사람","aac/가족, 사람/디자이너.png",디자이너
57,"가족, 사람","aac/가족, 사람/딸.png",딸
58,"가족, 사람","aac/가족, 사람/미용사.png",미용사
59,"가족, 사람","aac/가족, 사람/미화원.png",미화원
60,"가족, 사람","aac/가족, 사람/배달원.png",배달원
61,"가족, 사람","aac/가족, 사람/버스 운전기사.png",버스 운전기사
62,"가족, 사람","aac/가족, 사람/변호사.png",변호사
63,"가족, 사람","aac/가족, 사람/보호자.png",보호자
64,"가족, 사람","aac/가족, 사람/부모님.png",부모님
65,"가족, 사람","aac/가족, 사람/비행기 조종사.png",비행기 조종사
66,"가족, 사람","aac/가족, 사람/사장.png",사장
67,"가족, 사람","aac/가족, 사람/성인.png",성인
68,"가족, 사람","aac/가족, 사람/셰프.png",셰프
69,"가족, 사람","aac/가족, 사람/소녀.png",소녀
70,"가족, 사람","aac/가족, 사람/소년.png",소년
71,"가족, 사람","aac/가족, 사람/소방관.png",소방관
72,"가족, 사람","aac/가족, 사람/손녀.png",손녀
73,"가족, 사람","aac/가족, 사람/손자.png",손자
74,"가족, 사람","aac/가족, 사람/수의사.png",수의사
75,"가족, 사람","aac/가족, 사람/승무원.png",승무원
76,"가족, 사람","aac/가족, 사람/쌍둥이.png",쌍둥이
77,"가족, 사람","aac/가족, 사람/아내.png",아내
78,"가족, 사람","aac/가족, 사람/아들.png",아들
79,"가족, 사람","aac/가족, 사람/아빠.png",아빠
80,"가족, 사람","aac/가족, 사람/아이들.png",아이들
81,"가족, 사람","aac/가족, 사람/어른.png",어른
82,"가족, 사람","aac/가족, 사람/어린이.png",어린이
83,"가족, 사람","aac/가족, 사람/엄마.png",엄마
84,"가족, 사람","aac/가족, 사람/여자.png",여자
85,"가족, 사람","aac/가족, 사람/여자아이.png",여자아이
86,"가족, 사람","aac/가족, 사람/오빠, 형.png","오빠, 형"
87,"가족, 사람","aac/가족, 사람/요리사.png",요리사
88,"가족, 사람","aac/가족, 사람/유아.png",유아
89,"가족, 사람","aac/가족, 사람/유아차.png",유아차
90,"가족, 사람","aac/가족, 사람/육상 경기 선수.png",육상 경기 선수
91,"가족, 사람","aac/가족, 사람/은행원.png",은행원
92,"가족, 사람","aac/가족, 사람/임산부.png",임산부
93,"가족, 사람","aac/가족, 사람/자동차 정비사.png",자동차 정비사
94,"가족, 사람","aac/가족, 사람/작가.png",작가
95,"가족, 사람","aac/가족, 사람/저널리스트.png",저널리스트
96,"가족, 사람","aac/가족, 사람/전기 기사.png",전기 기사
97,"가족, 사람","aac/가족, 사람/전문가.png",전문가
98,"가족, 사람","aac/가족, 사람/전화상담사.png",전화상담사
99,"가족, 사람","aac/가족, 사람/젊다.png",젊다
100,"가족, 사람","aac/가족, 사람/접수원.png",접수원
101,"가족, 사람","aac/가족, 사람/정비공.png",정비공
102,"가족, 사람","aac/가족, 사람/정원사.png",정원사
103,"가족, 사람","aac/가족, 사람/제빵사.png",제빵사
104,"가족, 사람","aac/가족, 사람/조부모.png",조부모
105,"가족, 사람","aac/가족, 사람/조카.png",조카
106,"가족, 사람","aac/가족, 사람/집.png",집
107,"가족, 사람","aac/가족, 사람/청소년.png",청소년
108,"가족, 사람","aac/가족, 사람/컴퓨터 프로그래머.png",컴퓨터 프로그래머
109,"가족, 사람","aac/가족, 사람/택배기사.png",택배기사
110,"가족, 사람","aac/가족, 사람/택시 기사.png",택시 기사
111,"가족, 사람","aac/가족, 사람/테니스 선수.png",테니스 선수
112,"가족, 사람","aac/가족, 사람/판사.png",판사
113,"가족, 사람","aac/가족, 사람/패션 디자이너 .png",패션 디자이너 
114,"가족, 사람","aac/가족, 사람/할머니.png",할머니
115,"가족, 사람","aac/가족, 사람/할아버지.png",할아버지
116,"가족, 사람","aac/가족, 사람/행정직.png",행정직
117,"가족, 사람","aac/가족, 사람/화가.png",화가
118,"가족, 사람","aac/가족, 사람/환경미화원.png",환경미화원
119,감정표현,aac/감정표현/가져가다.png,가져가다
120,감정표현,aac/감정표현/갈등.png,갈등
121,감정표현,aac/감정표현/감각.png,감각
122,감정표현,aac/감정표현/같이하다.png,같이하다
123,감정표현,aac/감정표현/거절.png,거절
124,감정표현,aac/감정표현/거절하다.png,거절하다
125,감정표현,aac/감정표현/거칠다.png,거칠다
126,감정표현,aac/감정표현/걱정하다.png,걱정하다
127,감정표현,aac/감정표현/건방진 사람.png,건방진 사람
128,감정표현,aac/감정표현/고요하다.png,고요하다
129,감정표현,aac/감정표현/고통.png,고통
130,감정표현,aac/감정표현/고함.png,고함
131,감정표현,aac/감정표현/공감.png,공감
132,감정표현,aac/감정표현/공격.png,공격
133,감정표현,aac/감정표현/공포.png,공포
134,감정표현,aac/감정표현/괜찮은.png,괜찮은
135,감정표현,aac/감정표현/괴롭힘.png,괴롭힘
136,감정표현,aac/감정표현/교실에서 자다.png,교실에서 자다
137,감정표현,aac/감정표현/귀.png,귀
138,감정표현,aac/감정표현/규칙.png,규칙
139,감정표현,aac/감정표현/그거 들었어.png,그거 들었어
140,감정표현,aac/감정표현/그건 제게 중요해요.png,그건 제게 중요해요
141,감정표현,aac/감정표현/기뻐하다.png,기뻐하다
142,감정표현,aac/감정표현/기쁘다.png,기쁘다
143,감정표현,aac/감정표현/나도.png,나도
144,감정표현,aac/감정표현/낭만적인.png,낭만적인
145,감정표현,aac/감정표현/네.png,네
146,감정표현,aac/감정표현/놀리다.png,놀리다
147,감정표현,aac/감정표현/누구세요.png,누구세요
148,감정표현,aac/감정표현/눈.png,눈
149,감정표현,aac/감정표현/눈맞춤.png,눈맞춤
150,감정표현,aac/감정표현/다투다.png,다투다
151,감정표현,aac/감정표현/당황하다.png,당황하다
152,감정표현,aac/감정표현/대화.png,대화
153,감정표현,aac/감정표현/더위.png,더위
154,감정표현,aac/감정표현/덥다.png,덥다
155,감정표현,aac/감정표현/도와주다.png,도와주다
156,감정표현,aac/감정표현/도와주세요.png,도와주세요
157,감정표현,aac/감정표현/도움 필요없어요.png,도움 필요없어요
158,감정표현,aac/감정표현/도움.png,도움
159,감정표현,aac/감정표현/돌다.png,돌다
160,감정표현,aac/감정표현/돕다.png,돕다
161,감정표현,aac/감정표현/동의하다.png,동의하다
162,감정표현,aac/감정표현/두드리다.png,두드리다
163,감정표현,aac/감정표현/듣다.png,듣다
164,감정표현,aac/감정표현/땀.png,땀
165,감정표현,aac/감정표현/땀을 흘리다.png,땀을 흘리다
166,감정표현,aac/감정표현/때리다.png,때리다
167,감정표현,aac/감정표현/떨다.png,떨다
168,감정표현,aac/감정표현/로맨틱하다.png,로맨틱하다
169,감정표현,aac/감정표현/말다툼.png,말다툼
170,감정표현,aac/감정표현/말하다.png,말하다
171,감정표현,aac/감정표현/메리 크리스마스.png,메리 크리스마스
172,감정표현,aac/감정표현/몇시입니까.png,몇시입니까
173,감정표현,aac/감정표현/모욕하다.png,모욕하다
174,감정표현,aac/감정표현/목마르다.png,목마르다
175,감정표현,aac/감정표현/무슨 공부 해요.png,무슨 공부 해요
176,감정표현,aac/감정표현/무슨 일 하세요.png,무슨 일 하세요
177,감정표현,aac/감정표현/무슨 책 읽고 있어요.png,무슨 책 읽고 있어요
178,감정표현,aac/감정표현/뭐가 다른가요.png,뭐가 다른가요
179,감정표현,aac/감정표현/뭐라고 했어요.png,뭐라고 했어요
180,감정표현,aac/감정표현/뭐예요.png,뭐예요
181,감정표현,aac/감정표현/뭘 원해요.png,뭘 원해요
182,감정표현,aac/감정표현/미안해.png,미안해
183,감정표현,aac/감정표현/민망하게하다.png,민망하게하다
184,감정표현,aac/감정표현/믿다.png,믿다
185,감정표현,aac/감정표현/보호.png,보호
186,감정표현,aac/감정표현/볼을 꼬집다.png,볼을 꼬집다
187,감정표현,aac/감정표현/부끄러운.png,부끄러운
188,감정표현,aac/감정표현/부끄럽다.png,부끄럽다
189,감정표현,aac/감정표현/부드럽다.png,부드럽다
190,감정표현,aac/감정표현/부러뜨리다.png,부러뜨리다
191,감정표현,aac/감정표현/부러지다.png,부러지다
192,감정표현,aac/감정표현/부럽다.png,부럽다
193,감정표현,aac/감정표현/부르다.png,부르다
194,감정표현,aac/감정표현/부서지다.png,부서지다
195,감정표현,aac/감정표현/부수다.png,부수다
196,감정표현,aac/감정표현/불행.png,불행
197,감정표현,aac/감정표현/이해 안돼.png,이해 안돼
198,감정표현,aac/감정표현/조용하다.png,조용하다
199,감정표현,aac/감정표현/존경하다.png,존경하다
200,감정표현,aac/감정표현/존엄성.png,존엄성
201,감정표현,aac/감정표현/좋다.png,좋다
202,감정표현,aac/감정표현/좋아.png,좋아
203,감정표현,aac/감정표현/좋아하다.png,좋아하다
204,감정표현,aac/감정표현/죄송합니다.png,죄송합니다
205,감정표현,aac/감정표현/주소.png,주소
206,감정표현,aac/감정표현/주의 산만하다.png,주의 산만하다
207,감정표현,aac/감정표현/친절.png,친절
208,감정표현,aac/감정표현/파손하다.png,파손하다
209,감정표현,aac/감정표현/팔을 밖으로 뻗다.png,팔을 밖으로 뻗다
210,감정표현,aac/감정표현/펜스를 넘다.png,펜스를 넘다
211,감정표현,aac/감정표현/폐쇄공포증.png,폐쇄공포증
212,감정표현,aac/감정표현/포옹.png,포옹
213,감정표현,aac/감정표현/포옹하다.png,포옹하다
214,감정표현,aac/감정표현/표현.png,표현
215,감정표현,aac/감정표현/푹신하다.png,푹신하다
216,감정표현,aac/감정표현/피곤.png,피곤
217,감정표현,aac/감정표현/허락을 구하다.png,허락을 구하다
218,감정표현,aac/감정표현/환호.png,환호
219,감정표현,aac/감정표현/흐려요!.png,흐려요!
220,감정표현,aac/감정표현/흔들다.png,흔들다
221,감정표현,aac/감정표현/힘 내.png,힘 내
222,감정표현,aac/감정표현/힘.png,힘
223,감정표현,aac/감정표현/힘내.png,힘내
224,곤충,aac/곤충/개미.png,개미
225,곤충,aac/곤충/곤충.png,곤충
226,곤충,aac/곤충/귀뚜라미.png,귀뚜라미
227,곤충,aac/곤충/나방.png,나방
228,곤충,aac/곤충/나비.png,나비
229,곤충,aac/곤충/말벌.png,말벌
230,곤충,aac/곤충/매미.png,매미
231,곤충,aac/곤충/메뚜기.png,메뚜기
232,곤충,aac/곤충/모기.png,모기
233,곤충,aac/곤충/무당벌레.png,무당벌레
234,곤충,aac/곤충/바퀴벌레.png,바퀴벌레
235,곤충,aac/곤충/반딧불이.png,반딧불이
236,곤충,aac/곤충/벌.png,벌
237,곤충,aac/곤충/벼룩.png,벼룩
238,곤충,aac/곤충/사마귀.png,사마귀
239,곤충,aac/곤충/애벌레.png,애벌레
240,곤충,aac/곤충/유충.png,유충
241,곤충,aac/곤충/잠자리.png,잠자리
242,곤충,aac/곤충/파리.png,파리
243,곤충,aac/곤충/풍뎅이.png,풍뎅이
244,"과일, 채소","aac/과일, 채소/가지.png",가지
245,"과일, 채소","aac/과일, 채소/감.png",감
246,"과일, 채소","aac/과일, 채소/감자.png",감자
247,"과일, 채소","aac/과일, 채소/고구마.png",고구마
248,"과일, 채소","aac/과일, 채소/고추.png",고추
249,"과일, 채소","aac/과일, 채소/과일.png",과일
250,"과일, 채소","aac/과일, 채소/과일샐러드.png",과일샐러드
251,"과일, 채소","aac/과일, 채소/귤.png",귤
252,"과일, 채소","aac/과일, 채소/그린 올리브.png",그린 올리브
253,"과일, 채소","aac/과일, 채소/근대.png",근대
254,"과일, 채소","aac/과일, 채소/당근.png",당근
255,"과일, 채소","aac/과일, 채소/대추.png",대추
256,"과일, 채소","aac/과일, 채소/딸기.png",딸기
257,"과일, 채소","aac/과일, 채소/라임.png",라임
258,"과일, 채소","aac/과일, 채소/라즈베리 .png",라즈베리 
259,"과일, 채소","aac/과일, 채소/레몬.png",레몬
260,"과일, 채소","aac/과일, 채소/망고.png",망고
261,"과일, 채소","aac/과일, 채소/멜론.png",멜론
262,"과일, 채소","aac/과일, 채소/바나나.png",바나나
263,"과일, 채소","aac/과일, 채소/배.png",배
264,"과일, 채소","aac/과일, 채소/복숭아.png",복숭아
265,"과일, 채소","aac/과일, 채소/브로콜리.png",브로콜리
266,"과일, 채소","aac/과일, 채소/블랙 체리.png",블랙 체리
267,"과일, 채소","aac/과일, 채소/블랙베리.png",블랙베리
268,"과일, 채소","aac/과일, 채소/블루베리.png",블루베리
269,"과일, 채소","aac/과일, 채소/비트.png",비트
270,"과일, 채소","aac/과일, 채소/사과.png",사과
271,"과일, 채소","aac/과일, 채소/살구.png",살구
272,"과일, 채소","aac/과일, 채소/상추.png",상추
273,"과일, 채소","aac/과일, 채소/샐러드.png",샐러드
274,"과일, 채소","aac/과일, 채소/석류.png",석류
275,"과일, 채소","aac/과일, 채소/셀러리.png",셀러리
276,"과일, 채소","aac/과일, 채소/수박.png",수박
277,"과일, 채소","aac/과일, 채소/시금치.png",시금치
278,"과일, 채소","aac/과일, 채소/아보카도.png",아보카도
279,"과일, 채소","aac/과일, 채소/아스파라거스.png",아스파라거스
280,"과일, 채소","aac/과일, 채소/애호박.png",애호박
281,"과일, 채소","aac/과일, 채소/야채.png",야채
282,"과일, 채소","aac/과일, 채소/양배추.png",양배추
283,"과일, 채소","aac/과일, 채소/양파.png",양파
284,"과일, 채소","aac/과일, 채소/오디.png",오디
285,"과일, 채소","aac/과일, 채소/오렌지.png",오렌지
286,"과일, 채소","aac/과일, 채소/오이.png",오이
287,"과일, 채소","aac/과일, 채소/옥수수.png",옥수수
288,"과일, 채소","aac/과일, 채소/올리브.png",올리브
289,"과일, 채소","aac/과일, 채소/완두콩.png",완두콩
290,"과일, 채소","aac/과일, 채소/자두.png",자두
291,"과일, 채소","aac/과일, 채소/자몽.png",자몽
292,"과일, 채소","aac/과일, 채소/채소.png",채소
293,"과일, 채소","aac/과일, 채소/체리.png",체리
294,"과일, 채소","aac/과일, 채소/키위.png",키위
295,"과일, 채소","aac/과일, 채소/토마토.png",토마토
296,"과일, 채소","aac/과일, 채소/파.png",파
297,"과일, 채소","aac/과일, 채소/파인애플.png",파인애플
298,"과일, 채소","aac/과일, 채소/포도.png",포도
299,"과일, 채소","aac/과일, 채소/피망.png",피망
300,"과일, 채소","aac/과일, 채소/피클.png",피클
301,"과일, 채소","aac/과일, 채소/호박.png",호박
302,긴급상황,aac/긴급상황/112에 전화하다.png,112에 전화하다
303,긴급상황,aac/긴급상황/감전되다.png,감전되다
304,긴급상황,aac/긴급상황/공격하다.png,공격하다
305,긴급상황,aac/긴급상황/괴롭힘.png,괴롭힘
306,긴급상황,aac/긴급상황/구역질나다.png,구역질나다
307,긴급상황,aac/긴급상황/넘어지다.png,넘어지다
308,긴급상황,aac/긴급상황/떨어지다.png,떨어지다
309,긴급상황,aac/긴급상황/머리를 부딪치다.png,머리를 부딪치다
310,긴급상황,aac/긴급상황/물에 빠지다.png,물에 빠지다
311,긴급상황,aac/긴급상황/미끄러지다 .png,미끄러지다 
312,긴급상황,aac/긴급상황/베이다.png,베이다
313,긴급상황,aac/긴급상황/빠지다.png,빠지다
314,긴급상황,aac/긴급상황/신고하다.png,신고하다
315,긴급상황,aac/긴급상황/싸우다.png,싸우다
316,긴급상황,aac/긴급상황/차별.png,차별
317,긴급상황,aac/긴급상황/폭발.png,폭발
318,날씨,aac/날씨/구름.png,구름
319,날씨,aac/날씨/기후.png,기후
320,날씨,aac/날씨/날씨가 맑아요!.png,날씨가 맑아요!
321,날씨,aac/날씨/날씨가 맑아요.png,날씨가 맑아요
322,날씨,aac/날씨/날씨가 흐려요.png,날씨가 흐려요
323,날씨,aac/날씨/눈 오다.png,눈 오다
324,날씨,aac/날씨/눈 와요.png,눈 와요
325,날씨,aac/날씨/눈.png,눈
326,날씨,aac/날씨/눈내리다.png,눈내리다
327,날씨,aac/날씨/눈부시다.png,눈부시다
328,날씨,aac/날씨/눈사태.png,눈사태
329,날씨,aac/날씨/불.png,불
330,날씨,aac/날씨/불다.png,불다
331,날씨,aac/날씨/비 와요!.png,비 와요!
332,날씨,aac/날씨/비 와요.png,비 와요
333,날씨,aac/날씨/비오다.png,비오다
334,날씨,aac/날씨/서리.png,서리
335,날씨,aac/날씨/우박.png,우박
336,날씨,aac/날씨/일기예보.png,일기예보
337,날씨,aac/날씨/젖다.png,젖다
338,날씨,aac/날씨/지진.png,지진
339,날씨,aac/날씨/책상 밑으로 대피하다.png,책상 밑으로 대피하다
340,날씨,aac/날씨/천둥이 치다.png,천둥이 치다
341,날씨,aac/날씨/천재지변.png,천재지변
342,날씨,aac/날씨/해.png,해
343,날씨,aac/날씨/해일.png,해일
344,놀이상황,aac/놀이상황/가위 바위 보.png,가위 바위 보
345,놀이상황,aac/놀이상황/게임과 스포츠.png,게임과 스포츠
346,놀이상황,aac/놀이상황/곰인형.png,곰인형
347,놀이상황,aac/놀이상황/공.png,공
348,놀이상황,aac/놀이상황/공놀이를 하다.png,공놀이를 하다
349,놀이상황,aac/놀이상황/그네.png,그네
350,놀이상황,aac/놀이상황/그네를 타다.png,그네를 타다
351,놀이상황,aac/놀이상황/깜짝 상자.png,깜짝 상자
352,놀이상황,aac/놀이상황/꼬리잡기.png,꼬리잡기
353,놀이상황,aac/놀이상황/꼭두각시 인형.png,꼭두각시 인형
354,놀이상황,aac/놀이상황/나도 같이 해도 될까.png,나도 같이 해도 될까
355,놀이상황,aac/놀이상황/내려가다.png,내려가다
356,놀이상황,aac/놀이상황/놀다.png,놀다
357,놀이상황,aac/놀이상황/놀이방.png,놀이방
358,놀이상황,aac/놀이상황/놀이터.png,놀이터
359,놀이상황,aac/놀이상황/눈 가리고 술래잡기.png,눈 가리고 술래잡기
360,놀이상황,aac/놀이상황/도미노.png,도미노
361,놀이상황,aac/놀이상황/도형 퍼즐.png,도형 퍼즐
362,놀이상황,aac/놀이상황/무궁화 꽃이 피었습니다.png,무궁화 꽃이 피었습니다
363,놀이상황,aac/놀이상황/미끄럼틀.png,미끄럼틀
364,놀이상황,aac/놀이상황/미끄럼틀을 타고 내려가다.png,미끄럼틀을 타고 내려가다
365,놀이상황,aac/놀이상황/미끄럼틀을 타고 내려간다.png,미끄럼틀을 타고 내려간다
366,놀이상황,aac/놀이상황/보드게임.png,보드게임
367,놀이상황,aac/놀이상황/볼링.png,볼링
368,놀이상황,aac/놀이상황/블록.png,블록
369,놀이상황,aac/놀이상황/빙고.png,빙고
370,놀이상황,aac/놀이상황/뽁뽁이.png,뽁뽁이
371,놀이상황,aac/놀이상황/세발자전거.png,세발자전거
372,놀이상황,aac/놀이상황/스케이트보드.png,스케이트보드
373,놀이상황,aac/놀이상황/시소.png,시소
374,놀이상황,aac/놀이상황/식수대.png,식수대
375,놀이상황,aac/놀이상황/쌓기 블럭.png,쌓기 블럭
376,놀이상황,aac/놀이상황/쓰레기통.png,쓰레기통
377,놀이상황,aac/놀이상황/줄넘기하다.png,줄넘기하다
378,놀이상황,aac/놀이상황/줄다리기.png,줄다리기
379,놀이상황,aac/놀이상황/짚라인.png,짚라인
380,놀이상황,aac/놀이상황/차례.png,차례
381,놀이상황,aac/놀이상황/찾다.png,찾다
382,놀이상황,aac/놀이상황/체스.png,체스
383,대화하기,aac/대화하기/관심이 있다.png,관심이 있다
384,대화하기,aac/대화하기/괴롭다.png,괴롭다
385,대화하기,aac/대화하기/기도하다.png,기도하다
386,대화하기,aac/대화하기/기부하다.png,기부하다
387,대화하기,aac/대화하기/기타 치다.png,기타 치다
388,대화하기,aac/대화하기/깨물다.png,깨물다
389,대화하기,aac/대화하기/깨물어먹다.png,깨물어먹다
390,대화하기,aac/대화하기/깨어있다.png,깨어있다
391,대화하기,aac/대화하기/깨지다.png,깨지다
392,대화하기,aac/대화하기/깨진 화면.png,깨진 화면
393,대화하기,aac/대화하기/꺼내다.png,꺼내다
394,대화하기,aac/대화하기/꺼지다.png,꺼지다
395,대화하기,aac/대화하기/꽂다.png,꽂다
396,대화하기,aac/대화하기/꽃이 핀.png,꽃이 핀
397,대화하기,aac/대화하기/꽉 조이다.png,꽉 조이다
398,대화하기,aac/대화하기/끈적하다.png,끈적하다
399,대화하기,aac/대화하기/끌어당기다.png,끌어당기다
400,대화하기,aac/대화하기/끓이다.png,끓이다
401,대화하기,aac/대화하기/끝나다.png,끝나다
402,대화하기,aac/대화하기/끝내다.png,끝내다
403,대화하기,aac/대화하기/나사를 돌리다.png,나사를 돌리다
404,대화하기,aac/대화하기/나사를 풀다.png,나사를 풀다
405,대화하기,aac/대화하기/마사지.png,마사지
406,대화하기,aac/대화하기/마스크를 쓰다.png,마스크를 쓰다
407,대화하기,aac/대화하기/마시다.png,마시다
408,대화하기,aac/대화하기/막다.png,막다
409,대화하기,aac/대화하기/막히다.png,막히다
410,대화하기,aac/대화하기/만들다.png,만들다
411,대화하기,aac/대화하기/만지다.png,만지다
412,대화하기,aac/대화하기/만지지 마세요.png,만지지 마세요
413,대화하기,aac/대화하기/말다.png,말다
414,대화하기,aac/대화하기/말리다.png,말리다
415,대화하기,aac/대화하기/말을 섞다.png,말을 섞다
416,대화하기,aac/대화하기/속삭이다.png,속삭이다
417,대화하기,aac/대화하기/속이다.png,속이다
418,대화하기,aac/대화하기/손 들다.png,손 들다
419,대화하기,aac/대화하기/손 씻다.png,손 씻다
420,대화하기,aac/대화하기/손가락을 빨다.png,손가락을 빨다
421,대화하기,aac/대화하기/손가락을 입에 넣다.png,손가락을 입에 넣다
422,대화하기,aac/대화하기/손상된 화면.png,손상된 화면
423,대화하기,aac/대화하기/손세정제를 바르다.png,손세정제를 바르다
424,대화하기,aac/대화하기/손소독제를 바르다.png,손소독제를 바르다
425,대화하기,aac/대화하기/손씻기.png,손씻기
426,대화하기,aac/대화하기/손으로 먹다.png,손으로 먹다
427,대화하기,aac/대화하기/숙면하다.png,숙면하다
428,대화하기,aac/대화하기/순서대로하다.png,순서대로하다
429,대화하기,aac/대화하기/술에 취한.png,술에 취한
430,대화하기,aac/대화하기/숨다.png,숨다
431,대화하기,aac/대화하기/숨을 내쉬다.png,숨을 내쉬다
432,대화하기,aac/대화하기/숨을 들이쉬다.png,숨을 들이쉬다
433,대화하기,aac/대화하기/슬리퍼를 벗다.png,슬리퍼를 벗다
434,대화하기,aac/대화하기/슬리퍼를 신다.png,슬리퍼를 신다
435,대화하기,aac/대화하기/슬프다.png,슬프다
436,대화하기,aac/대화하기/시간을 가지다.png,시간을 가지다
437,대화하기,aac/대화하기/시간을 재다.png,시간을 재다
438,대화하기,aac/대화하기/싫다.png,싫다
439,대화하기,aac/대화하기/심각하다.png,심각하다
440,대화하기,aac/대화하기/심각해지다.png,심각해지다
441,대화하기,aac/대화하기/쌓다.png,쌓다
442,대화하기,aac/대화하기/씻다.png,씻다
443,대화하기,aac/대화하기/아니다.png,아니다
444,대화하기,aac/대화하기/아닌.png,아닌
445,대화하기,aac/대화하기/아래.png,아래
446,대화하기,aac/대화하기/아무것도 아니다.png,아무것도 아니다
447,대화하기,aac/대화하기/아무것도.png,아무것도
448,대화하기,aac/대화하기/아무도 아니다.png,아무도 아니다
449,대화하기,aac/대화하기/으깨다.png,으깨다
450,대화하기,aac/대화하기/으로.png,으로
451,대화하기,aac/대화하기/음극.png,음극
452,대화하기,aac/대화하기/음식을 주다.png,음식을 주다
453,대화하기,aac/대화하기/음악을 듣다.png,음악을 듣다
454,대화하기,aac/대화하기/응원하다.png,응원하다
455,대화하기,aac/대화하기/의.png,의
456,대화하기,aac/대화하기/의무를 지우다.png,의무를 지우다
457,대화하기,aac/대화하기/의사소통 보조 기구 지원센터.png,의사소통 보조 기구 지원센터
458,대화하기,aac/대화하기/의사소통 책.png,의사소통 책
459,대화하기,aac/대화하기/의사소통 판.png,의사소통 판
460,대화하기,aac/대화하기/의사소통기.png,의사소통기
461,대화하기,aac/대화하기/의사소통기기.png,의사소통기기
462,대화하기,aac/대화하기/의사소통책을 꺼내다.png,의사소통책을 꺼내다
463,대화하기,aac/대화하기/의사소통책을 사용하다.png,의사소통책을 사용하다
464,대화하기,aac/대화하기/의사소통판.png,의사소통판
465,대화하기,aac/대화하기/의사소통판을 사용하다.png,의사소통판을 사용하다
466,대화하기,aac/대화하기/의사소통하다.png,의사소통하다
467,대화하기,aac/대화하기/의자를 옮기다.png,의자를 옮기다
468,대화하기,aac/대화하기/의자에 앉다.png,의자에 앉다
469,대화하기,aac/대화하기/의자에서 일어나다.png,의자에서 일어나다
470,대화하기,aac/대화하기/의하면.png,의하면
471,대화하기,aac/대화하기/이거 싫어해요.png,이거 싫어해요
472,대화하기,aac/대화하기/이거 좋아해요.png,이거 좋아해요
473,대화하기,aac/대화하기/이거.png,이거
474,대화하기,aac/대화하기/일찍 일어나다.png,일찍 일어나다
475,대화하기,aac/대화하기/입다.png,입다
476,대화하기,aac/대화하기/입양하다.png,입양하다
477,대화하기,aac/대화하기/입원하다.png,입원하다
478,대화하기,aac/대화하기/입으로 숨을 쉬다.png,입으로 숨을 쉬다
479,대화하기,aac/대화하기/입을 닦다.png,입을 닦다
480,대화하기,aac/대화하기/있다.png,있다
481,대화하기,aac/대화하기/잊어버리다.png,잊어버리다
482,대화하기,aac/대화하기/전에.png,전에
483,대화하기,aac/대화하기/전화걸다.png,전화걸다
484,대화하기,aac/대화하기/전화를 걸다.png,전화를 걸다
485,대화하기,aac/대화하기/전화하다.png,전화하다
486,대화하기,aac/대화하기/젊다.png,젊다
487,대화하기,aac/대화하기/접근하기 쉬운.png,접근하기 쉬운
488,대화하기,aac/대화하기/접다.png,접다
489,대화하기,aac/대화하기/정리되다.png,정리되다
490,대화하기,aac/대화하기/정리하다.png,정리하다
491,대화하기,aac/대화하기/정밀 검사를 하다.png,정밀 검사를 하다
492,대화하기,aac/대화하기/젖다.png,젖다
493,대화하기,aac/대화하기/제모하다.png,제모하다
494,대화하기,aac/대화하기/제목을 쓰다.png,제목을 쓰다
495,대화하기,aac/대화하기/제안.png,제안
496,대화하기,aac/대화하기/져녁을 먹다.png,져녁을 먹다
497,대화하기,aac/대화하기/조각하다.png,조각하다
498,대화하기,aac/대화하기/조롱하다.png,조롱하다
499,대화하기,aac/대화하기/조리된.png,조리된
500,대화하기,aac/대화하기/조사하다.png,조사하다
501,대화하기,aac/대화하기/조용히하다.png,조용히하다
502,대화하기,aac/대화하기/조이다.png,조이다
503,대화하기,aac/대화하기/존경하다.png,존경하다
504,대화하기,aac/대화하기/좁다.png,좁다
505,대화하기,aac/대화하기/좁은.png,좁은
506,대화하기,aac/대화하기/좋다.png,좋다
507,대화하기,aac/대화하기/좋아하다.png,좋아하다
508,대화하기,aac/대화하기/좌우를 살피다.png,좌우를 살피다
509,대화하기,aac/대화하기/죄송합니다.png,죄송합니다
510,대화하기,aac/대화하기/주다.png,주다
511,대화하기,aac/대화하기/주름을 펴다.png,주름을 펴다
512,대화하기,aac/대화하기/주름진.png,주름진
513,대화하기,aac/대화하기/주문을 걸다.png,주문을 걸다
514,대화하기,aac/대화하기/주문하다.png,주문하다
515,대화하기,aac/대화하기/허들.png,허들
516,대화하기,aac/대화하기/허락을 구하다.png,허락을 구하다
517,대화하기,aac/대화하기/허락하다.png,허락하다
518,대화하기,aac/대화하기/헹구다.png,헹구다
519,대화하기,aac/대화하기/현재의.png,현재의
520,대화하기,aac/대화하기/혈압을 재다.png,혈압을 재다
521,대화하기,aac/대화하기/혼란스럽다.png,혼란스럽다
522,대화하기,aac/대화하기/혼자 남다.png,혼자 남다
523,대화하기,aac/대화하기/혼자.png,혼자
524,대화하기,aac/대화하기/홍보하다.png,홍보하다
525,대화하기,aac/대화하기/화가.png,화가
526,대화하기,aac/대화하기/화나다.png,화나다
527,대화하기,aac/대화하기/화난.png,화난
528,대화하기,aac/대화하기/화장실 갈래요.png,화장실 갈래요
529,대화하기,aac/대화하기/환기시키다.png,환기시키다
530,대화하기,aac/대화하기/환호.png,환호
531,대화하기,aac/대화하기/활동하다.png,활동하다
532,대화하기,aac/대화하기/횡단하다.png,횡단하다
533,대화하기,aac/대화하기/훔치다.png,훔치다
534,대화하기,aac/대화하기/휘파람 불다.png,휘파람 불다
535,대화하기,aac/대화하기/휠체어를 밀다.png,휠체어를 밀다
536,동물,aac/동물/가리비.png,가리비
537,동물,aac/동물/가자미.png,가자미
538,동물,aac/동물/가재.png,가재
539,동물,aac/동물/갈매기.png,갈매기
540,동물,aac/동물/강아지.png,강아지
541,동물,aac/동물/개.png,개
542,동물,aac/동물/개구리.png,개구리
543,동물,aac/동물/개굴개굴.png,개굴개굴
544,동물,aac/동물/개미.png,개미
545,동물,aac/동물/거미.png,거미
546,동물,aac/동물/거북이.png,거북이
547,동물,aac/동물/거위.png,거위
548,동물,aac/동물/게.png,게
549,동물,aac/동물/고등어.png,고등어
550,동물,aac/동물/고래.png,고래
551,동물,aac/동물/고래상어.png,고래상어
552,동물,aac/동물/고릴라.png,고릴라
553,동물,aac/동물/고슴도치.png,고슴도치
554,동물,aac/동물/고양이 .png,고양이 
555,동물,aac/동물/고양이.png,고양이
556,동물,aac/동물/곰.png,곰
557,동물,aac/동물/공룡.png,공룡
558,동물,aac/동물/공작새.png,공작새
559,동물,aac/동물/굴.png,굴
560,동물,aac/동물/귀뚜라미.png,귀뚜라미
561,동물,aac/동물/귀상어.png,귀상어
562,동물,aac/동물/기린.png,기린
563,동물,aac/동물/까마귀.png,까마귀
564,동물,aac/동물/까치.png,까치
565,동물,aac/동물/꼬꼬댁.png,꼬꼬댁
566,동물,aac/동물/꼬꼬댁거리다.png,꼬꼬댁거리다
567,동물,aac/동물/꼴뚜기.png,꼴뚜기
568,동물,aac/동물/꽥꽥.png,꽥꽥
569,동물,aac/동물/꿀꿀.png,꿀꿀
570,동물,aac/동물/나무늘보.png,나무늘보
571,동물,aac/동물/나방.png,나방
572,동물,aac/동물/나비.png,나비
573,동물,aac/동물/낙타.png,낙타
574,동물,aac/동물/날다.png,날다
575,동물,aac/동물/날다람쥐.png,날다람쥐
576,동물,aac/동물/넙치.png,넙치
577,동물,aac/동물/농부.png,농부
578,동물,aac/동물/농어.png,농어
579,동물,aac/동물/늑대.png,늑대
580,동물,aac/동물/다람쥐.png,다람쥐
581,동물,aac/동물/단봉 낙타.png,단봉 낙타
582,동물,aac/동물/달팽이.png,달팽이
583,동물,aac/동물/대게.png,대게
584,동물,aac/동물/대구.png,대구
585,동물,aac/동물/도롱뇽.png,도롱뇽
586,동물,aac/동물/도마뱀.png,도마뱀
587,동물,aac/동물/도미.png,도미
588,동물,aac/동물/독사.png,독사
589,동물,aac/동물/독수리.png,독수리
590,동물,aac/동물/돌고래.png,돌고래
591,동물,aac/동물/돌잉어.png,돌잉어
592,동물,aac/동물/돔.png,돔
593,동물,aac/동물/동물.png,동물
594,동물,aac/동물/돼지.png,돼지
595,동물,aac/동물/두더지.png,두더지
596,동물,aac/동물/둥지.png,둥지
597,동물,aac/동물/라마.png,라마
598,동물,aac/동물/라쿤.png,라쿤
599,동물,aac/동물/랍스터 .png,랍스터 
600,동물,aac/동물/리드줄.png,리드줄
601,동물,aac/동물/말.png,말
602,동물,aac/동물/말벌.png,말벌
603,동물,aac/동물/맛조개.png,맛조개
604,동물,aac/동물/매미.png,매미
605,동물,aac/동물/매애 하고 울다.png,매애 하고 울다
606,동물,aac/동물/먹이다.png,먹이다
607,동물,aac/동물/메뚜기.png,메뚜기
608,동물,aac/동물/메추라기.png,메추라기
609,동물,aac/동물/멧돼지.png,멧돼지
610,동물,aac/동물/멸치.png,멸치
611,동물,aac/동물/명태.png,명태
612,동물,aac/동물/모기.png,모기
613,동물,aac/동물/무당벌레.png,무당벌레
614,동물,aac/동물/문어.png,문어
615,동물,aac/동물/물개.png,물개
616,동물,aac/동물/물고기 떼.png,물고기 떼
617,동물,aac/동물/물고기.png,물고기
618,동물,aac/동물/민달팽이.png,민달팽이
619,동물,aac/동물/바다사자.png,바다사자
620,동물,aac/동물/바다코끼리.png,바다코끼리
621,동물,aac/동물/바닷가재.png,바닷가재
622,동물,aac/동물/바퀴벌레.png,바퀴벌레
623,동물,aac/동물/박쥐.png,박쥐
624,동물,aac/동물/반딧불이.png,반딧불이
625,동물,aac/동물/반려견 운동장.png,반려견 운동장
626,동물,aac/동물/반려동물.png,반려동물
627,동물,aac/동물/백조.png,백조
628,동물,aac/동물/뱀.png,뱀
629,동물,aac/동물/버팔로.png,버팔로
630,동물,aac/동물/번데기.png,번데기
631,동물,aac/동물/벌 떼.png,벌 떼
632,동물,aac/동물/벌.png,벌
633,동물,aac/동물/벌새.png,벌새
634,동물,aac/동물/범고래.png,범고래
635,동물,aac/동물/벼룩.png,벼룩
636,동물,aac/동물/병아리.png,병아리
637,동물,aac/동물/보호자.png,보호자
638,동물,aac/동물/부엉이.png,부엉이
639,동물,aac/동물/부화하다.png,부화하다
640,동물,aac/동물/북극곰.png,북극곰
641,동물,aac/동물/불가사리.png,불가사리
642,동물,aac/동물/비둘기.png,비둘기
643,동물,aac/동물/비버.png,비버
644,동물,aac/동물/빗다.png,빗다
645,동물,aac/동물/뿔로 들이받다.png,뿔로 들이받다
646,동물,aac/동물/사냥꾼.png,사냥꾼
647,동물,aac/동물/사냥하다.png,사냥하다
648,동물,aac/동물/사료.png,사료
649,동물,aac/동물/사마귀.png,사마귀
650,동물,aac/동물/사슴.png,사슴
651,동물,aac/동물/사육.png,사육
652,동물,aac/동물/사자 무리.png,사자 무리
653,동물,aac/동물/사자.png,사자
654,동물,aac/동물/산책하다.png,산책하다
655,동물,aac/동물/산토끼.png,산토끼
656,동물,aac/동물/살다.png,살다
657,동물,aac/동물/상어.png,상어
658,동물,aac/동물/새 떼.png,새 떼
659,동물,aac/동물/새.png,새
660,동물,aac/동물/새사료.png,새사료
661,동물,aac/동물/새우.png,새우
662,동물,aac/동물/새조개.png,새조개
663,동물,aac/동물/설치류.png,설치류
664,동물,aac/동물/소.png,소
665,동물,aac/동물/송아지.png,송아지
666,동물,aac/동물/송어.png,송어
667,동물,aac/동물/수달.png,수달
668,동물,aac/동물/수의 물리치료사.png,수의 물리치료사
669,동물,aac/동물/수족관.png,수족관
670,동물,aac/동물/수탉.png,수탉
671,동물,aac/동물/순록.png,순록
672,동물,aac/동물/순환.png,순환
673,동물,aac/동물/숫양.png,숫양
674,동물,aac/동물/스라소니.png,스라소니
675,동물,aac/동물/스컹크.png,스컹크
676,동물,aac/동물/아귀.png,아귀
677,동물,aac/동물/아기 고양이.png,아기 고양이
678,동물,aac/동물/아기 양.png,아기 양
679,동물,aac/동물/아르마딜로.png,아르마딜로
680,동물,aac/동물/악어.png,악어
681,동물,aac/동물/알을 낳다.png,알을 낳다
682,동물,aac/동물/알파카.png,알파카
683,동물,aac/동물/암사자.png,암사자
684,동물,aac/동물/암소.png,암소
685,동물,aac/동물/암탉.png,암탉
686,동물,aac/동물/애견미용사 .png,애견미용사 
687,동물,aac/동물/애견미용실.png,애견미용실
688,동물,aac/동물/애벌레.png,애벌레
689,동물,aac/동물/앵무새.png,앵무새
690,동물,aac/동물/앵무조개.png,앵무조개
691,동물,aac/동물/야생의.png,야생의
692,동물,aac/동물/야옹.png,야옹
693,동물,aac/동물/양.png,양
694,동물,aac/동물/양떼.png,양떼
695,동물,aac/동물/양서류.png,양서류
696,동물,aac/동물/양치기.png,양치기
697,동물,aac/동물/어흥.png,어흥
698,동물,aac/동물/얼룩말.png,얼룩말
699,동물,aac/동물/엘크.png,엘크
700,동물,aac/동물/여우.png,여우
701,동물,aac/동물/연어.png,연어
702,동물,aac/동물/연체동물.png,연체동물
703,동물,aac/동물/염소.png,염소
704,동물,aac/동물/영양.png,영양
705,동물,aac/동물/오디새.png,오디새
706,동물,aac/동물/오리.png,오리
707,동물,aac/동물/오리너구리.png,오리너구리
708,동물,aac/동물/오줌을 누다.png,오줌을 누다
709,동물,aac/동물/오징어.png,오징어
710,동물,aac/동물/올빼미.png,올빼미
711,동물,aac/동물/올챙이.png,올챙이
712,동물,aac/동물/왕도마뱀.png,왕도마뱀
713,동물,aac/동물/울다.png,울다
714,동물,aac/동물/울부짖다.png,울부짖다
715,동물,aac/동물/원숭이.png,원숭이
716,동물,aac/동물/윙윙거리다.png,윙윙거리다
717,동물,aac/동물/유충.png,유충
718,동물,aac/동물/육식의.png,육식의
719,동물,aac/동물/육지 동물.png,육지 동물
720,동물,aac/동물/음매.png,음매
721,동물,aac/동물/음식을 주다.png,음식을 주다
722,동물,aac/동물/이.png,이
723,동물,aac/동물/이구아나.png,이구아나
724,동물,aac/동물/이구아노돈.png,이구아노돈
725,동물,aac/동물/입양하다.png,입양하다
726,동물,aac/동물/잉어.png,잉어
727,동물,aac/동물/잠자리.png,잠자리
728,동물,aac/동물/잡식성의.png,잡식성의
729,동물,aac/동물/장어.png,장어
730,동물,aac/동물/전갈.png,전갈
731,동물,aac/동물/정어리.png,정어리
732,동물,aac/동물/젖소.png,젖소
733,동물,aac/동물/제비.png,제비
734,동물,aac/동물/조개.png,조개
735,동물,aac/동물/조랑말.png,조랑말
736,동물,aac/동물/조류.png,조류
737,동물,aac/동물/족제비.png,족제비
738,동물,aac/동물/죽다.png,죽다
739,동물,aac/동물/쥐.png,쥐
740,동물,aac/동물/쥐가오리.png,쥐가오리
741,동물,aac/동물/지네.png,지네
742,동물,aac/동물/지렁이.png,지렁이
743,동물,aac/동물/지저귀다.png,지저귀다
744,동물,aac/동물/질주하다.png,질주하다
745,동물,aac/동물/짖다.png,짖다
746,동물,aac/동물/짹짹거리다.png,짹짹거리다
747,동물,aac/동물/차다.png,차다
748,동물,aac/동물/참새.png,참새
749,동물,aac/동물/참치.png,참치
750,동물,aac/동물/철갑상어.png,철갑상어
751,동물,aac/동물/청둥오리 .png,청둥오리 
752,동물,aac/동물/초식의.png,초식의
753,동물,aac/동물/칠면조.png,칠면조
754,동물,aac/동물/침팬지.png,침팬지
755,동물,aac/동물/카나리아.png,카나리아
756,동물,aac/동물/카멜레온.png,카멜레온
757,동물,aac/동물/캥거루.png,캥거루
758,동물,aac/동물/코끼리.png,코끼리
759,동물,aac/동물/코뿔소.png,코뿔소
760,동물,aac/동물/코알라.png,코알라
761,동물,aac/동물/코요테.png,코요테
762,동물,aac/동물/코카투 앵무새.png,코카투 앵무새
763,동물,aac/동물/큰부리새.png,큰부리새
764,동물,aac/동물/키싱라미.png,키싱라미
765,동물,aac/동물/키우다.png,키우다
766,동물,aac/동물/타란튤라.png,타란튤라
767,동물,aac/동물/타조.png,타조
768,동물,aac/동물/토끼.png,토끼
769,동물,aac/동물/트리케라톱스.png,트리케라톱스
770,동물,aac/동물/티라노사우루스 렉스.png,티라노사우루스 렉스
771,동물,aac/동물/파리.png,파리
772,동물,aac/동물/파충류.png,파충류
773,동물,aac/동물/판다.png,판다
774,동물,aac/동물/펠리컨.png,펠리컨
775,동물,aac/동물/펭귄.png,펭귄
776,동물,aac/동물/포유류.png,포유류
777,동물,aac/동물/표범.png,표범
778,동물,aac/동물/품다.png,품다
779,동물,aac/동물/풍뎅이.png,풍뎅이
780,동물,aac/동물/퓨마.png,퓨마
781,동물,aac/동물/플라밍고.png,플라밍고
782,동물,aac/동물/피라냐.png,피라냐
783,동물,aac/동물/하마.png,하마
784,동물,aac/동물/하이에나.png,하이에나
785,동물,aac/동물/학.png,학
786,동물,aac/동물/해마.png,해마
787,동물,aac/동물/해산물.png,해산물
788,동물,aac/동물/해양 동물.png,해양 동물
789,동물,aac/동물/해파리.png,해파리
790,동물,aac/동물/햄스터.png,햄스터
791,동물,aac/동물/호랑이.png,호랑이
792,동물,aac/동물/홍합.png,홍합
793,동물,aac/동물/황새.png,황새
794,동물,aac/동물/황새치.png,황새치
795,동물,aac/동물/황소.png,황소
796,동물,aac/동물/황제펭귄 .png,황제펭귄 
797,동물,aac/동물/훈련.png,훈련
798,동물,aac/동물/흰동가리.png,흰동가리
799,모양,aac/모양/마름모.png,마름모
800,모양,aac/모양/별.png,별
801,모양,aac/모양/사각형.png,사각형
802,모양,aac/모양/삼각형.png,삼각형
803,모양,aac/모양/오각형.png,오각형
804,모양,aac/모양/원.png,원
805,모양,aac/모양/육각형.png,육각형
806,모양,aac/모양/직사각형.png,직사각형
807,모양,aac/모양/타원형.png,타원형
808,모양,aac/모양/평행사변형.png,평행사변형
809,모양,aac/모양/하트.png,하트
810,"병원, 증상","aac/병원, 증상/간병인.png",간병인
811,"병원, 증상","aac/병원, 증상/간호사.png",간호사
812,"병원, 증상","aac/병원, 증상/건강 검진.png",건강 검진
813,"병원, 증상","aac/병원, 증상/검사하다.png",검사하다
814,"병원, 증상","aac/병원, 증상/고통.png",고통
815,"병원, 증상","aac/병원, 증상/기절.png",기절
816,"병원, 증상","aac/병원, 증상/깁스하다.png",깁스하다
817,"병원, 증상","aac/병원, 증상/두통.png",두통
818,"병원, 증상","aac/병원, 증상/땀.png",땀
819,"병원, 증상","aac/병원, 증상/떨다.png",떨다
820,"병원, 증상","aac/병원, 증상/메스꺼움.png",메스꺼움
821,"병원, 증상","aac/병원, 증상/목 통증.png",목 통증
822,"병원, 증상","aac/병원, 증상/병.png",병
823,"병원, 증상","aac/병원, 증상/병원.png",병원
824,"병원, 증상","aac/병원, 증상/불면증.png",불면증
825,"병원, 증상","aac/병원, 증상/상처.png",상처
826,"병원, 증상","aac/병원, 증상/설사.png",설사
827,"병원, 증상","aac/병원, 증상/수술.png",수술
828,"병원, 증상","aac/병원, 증상/아프다.png",아프다
829,"병원, 증상","aac/병원, 증상/약.png",약
830,"병원, 증상","aac/병원, 증상/약사.png",약사
831,"병원, 증상","aac/병원, 증상/요통.png",요통
832,"병원, 증상","aac/병원, 증상/위염.png",위염
833,"병원, 증상","aac/병원, 증상/의사.png",의사
834,"병원, 증상","aac/병원, 증상/인후통.png",인후통
835,"병원, 증상","aac/병원, 증상/치통.png",치통
836,"병원, 증상","aac/병원, 증상/콧물.png",콧물
837,"병원, 증상","aac/병원, 증상/토하다.png",토하다
838,"병원, 증상","aac/병원, 증상/팔 통증.png",팔 통증
839,"병원, 증상","aac/병원, 증상/피.png",피
840,"병원, 증상","aac/병원, 증상/현기증.png",현기증
841,색,aac/색/갈색.png,갈색
842,색,aac/색/검정색.png,검정색
843,색,aac/색/노란색.png,노란색
844,색,aac/색/다른 색이요.png,다른 색이요
845,색,aac/색/밝다.png,밝다
846,색,aac/색/보라색.png,보라색
847,색,aac/색/분홍색.png,분홍색
848,색,aac/색/빨간색.png,빨간색
849,색,aac/색/색깔.png,색깔
850,색,aac/색/어둡다.png,어둡다
851,색,aac/색/어떤 색인가요.png,어떤 색인가요
852,색,aac/색/연두색.png,연두색
853,색,aac/색/주황색.png,주황색
854,색,aac/색/초록색.png,초록색
855,색,aac/색/파란색.png,파란색
856,색,aac/색/하늘색.png,하늘색
857,색,aac/색/회색.png,회색
858,색,aac/색/흰색.png,흰색
859,"쇼핑, 마트","aac/쇼핑, 마트/결제하다.png",결제하다
860,"쇼핑, 마트","aac/쇼핑, 마트/계산대.png",계산대
861,"쇼핑, 마트","aac/쇼핑, 마트/구매.png",구매
862,"쇼핑, 마트","aac/쇼핑, 마트/다른 가게로 가요.png",다른 가게로 가요
863,"쇼핑, 마트","aac/쇼핑, 마트/돈을 내다.png",돈을 내다
864,"쇼핑, 마트","aac/쇼핑, 마트/마트.png",마트
865,"쇼핑, 마트","aac/쇼핑, 마트/사다.png",사다
866,"쇼핑, 마트","aac/쇼핑, 마트/상인.png",상인
867,"쇼핑, 마트","aac/쇼핑, 마트/슈퍼마켓.png",슈퍼마켓
868,"쇼핑, 마트","aac/쇼핑, 마트/식품점.png",식품점
869,"쇼핑, 마트","aac/쇼핑, 마트/얼마예요.png",얼마예요
870,"쇼핑, 마트","aac/쇼핑, 마트/에스컬레이터.png",에스컬레이터
871,"쇼핑, 마트","aac/쇼핑, 마트/옷가게.png",옷가게
872,"쇼핑, 마트","aac/쇼핑, 마트/은행.png",은행
873,"쇼핑, 마트","aac/쇼핑, 마트/지불하다.png",지불하다
874,"쇼핑, 마트","aac/쇼핑, 마트/팔다.png",팔다
875,"쇼핑, 마트","aac/쇼핑, 마트/피팅룸.png",피팅룸
876,"숫자, 단위","aac/숫자, 단위/구.png",구
877,"숫자, 단위","aac/숫자, 단위/길이.png",길이
878,"숫자, 단위","aac/숫자, 단위/너비.png",너비
879,"숫자, 단위","aac/숫자, 단위/더.png",더
880,"숫자, 단위","aac/숫자, 단위/더하기.png",더하기
881,"숫자, 단위","aac/숫자, 단위/덜.png",덜
882,"숫자, 단위","aac/숫자, 단위/몇 개.png",몇 개
883,"숫자, 단위","aac/숫자, 단위/몇개예요.png",몇개예요
884,"숫자, 단위","aac/숫자, 단위/무겁다.png",무겁다
885,"숫자, 단위","aac/숫자, 단위/무게.png",무게
886,"숫자, 단위","aac/숫자, 단위/백.png",백
887,"숫자, 단위","aac/숫자, 단위/빼다.png",빼다
888,"숫자, 단위","aac/숫자, 단위/사.png",사
889,"숫자, 단위","aac/숫자, 단위/삼.png",삼
890,"숫자, 단위","aac/숫자, 단위/속도.png",속도
891,"숫자, 단위","aac/숫자, 단위/열.png",열
892,"숫자, 단위","aac/숫자, 단위/영.png",영
893,"숫자, 단위","aac/숫자, 단위/오.png",오
894,"숫자, 단위","aac/숫자, 단위/육.png",육
895,"숫자, 단위","aac/숫자, 단위/이.png",이
896,"숫자, 단위","aac/숫자, 단위/일.png",일
897,"숫자, 단위","aac/숫자, 단위/첫째.png",첫째
898,"숫자, 단위","aac/숫자, 단위/칠.png",칠
899,"숫자, 단위","aac/숫자, 단위/킬로그램.png",킬로그램
900,"숫자, 단위","aac/숫자, 단위/킬로미터 .png",킬로미터 
901,"숫자, 단위","aac/숫자, 단위/팔.png",팔
902,스포츠,aac/스포츠/농구.png,농구
903,스포츠,aac/스포츠/배드민턴.png,배드민턴
904,스포츠,aac/스포츠/복싱.png,복싱
905,스포츠,aac/스포츠/볼링.png,볼링
906,스포츠,aac/스포츠/수영.png,수영
907,스포츠,aac/스포츠/스트레칭을 하다.png,스트레칭을 하다
908,스포츠,aac/스포츠/심판.png,심판
909,스포츠,aac/스포츠/아이스 스케이팅.png,아이스 스케이팅
910,스포츠,aac/스포츠/야구.png,야구
911,스포츠,aac/스포츠/요가.png,요가
912,스포츠,aac/스포츠/운동하다.png,운동하다
913,스포츠,aac/스포츠/육상경기.png,육상경기
914,스포츠,aac/스포츠/축구.png,축구
915,스포츠,aac/스포츠/탁구.png,탁구
916,스포츠,aac/스포츠/테니스.png,테니스
917,"시간, 계절","aac/시간, 계절/10월.png",10월
918,"시간, 계절","aac/시간, 계절/11월.png",11월
919,"시간, 계절","aac/시간, 계절/12월.png",12월
920,"시간, 계절","aac/시간, 계절/1월.png",1월
921,"시간, 계절","aac/시간, 계절/2월.png",2월
922,"시간, 계절","aac/시간, 계절/3월.png",3월
923,"시간, 계절","aac/시간, 계절/4월.png",4월
924,"시간, 계절","aac/시간, 계절/5월.png",5월
925,"시간, 계절","aac/시간, 계절/6월.png",6월
926,"시간, 계절","aac/시간, 계절/7월.png",7월
927,"시간, 계절","aac/시간, 계절/8월.png",8월
928,"시간, 계절","aac/시간, 계절/9월.png",9월
929,"시간, 계절","aac/시간, 계절/가을.png",가을
930,"시간, 계절","aac/시간, 계절/겨울.png",겨울
931,"시간, 계절","aac/시간, 계절/계절.png",계절
932,"시간, 계절","aac/시간, 계절/과거.png",과거
933,"시간, 계절","aac/시간, 계절/금요일.png",금요일
934,"시간, 계절","aac/시간, 계절/낮.png",낮
935,"시간, 계절","aac/시간, 계절/내일.png",내일
936,"시간, 계절","aac/시간, 계절/네시.png",네시
937,"시간, 계절","aac/시간, 계절/년.png",년
938,"시간, 계절","aac/시간, 계절/늦다.png",늦다
939,"시간, 계절","aac/시간, 계절/다섯시.png",다섯시
940,"시간, 계절","aac/시간, 계절/달.png",달
941,"시간, 계절","aac/시간, 계절/두시.png",두시
942,"시간, 계절","aac/시간, 계절/며칠입니까.png",며칠입니까
943,"시간, 계절","aac/시간, 계절/몇시입니까.png",몇시입니까
944,"시간, 계절","aac/시간, 계절/목요일.png",목요일
945,"시간, 계절","aac/시간, 계절/밤.png",밤
946,"시간, 계절","aac/시간, 계절/봄.png",봄
947,"시간, 계절","aac/시간, 계절/분.png",분
948,"시간, 계절","aac/시간, 계절/세시.png",세시
949,"시간, 계절","aac/시간, 계절/수요일.png",수요일
950,"시간, 계절","aac/시간, 계절/아침.png",아침
951,"시간, 계절","aac/시간, 계절/아홉.png",아홉
952,"시간, 계절","aac/시간, 계절/여덟시.png",여덟시
953,"시간, 계절","aac/시간, 계절/여름.png",여름
954,"시간, 계절","aac/시간, 계절/여섯시.png",여섯시
955,"시간, 계절","aac/시간, 계절/열두시.png",열두시
956,"시간, 계절","aac/시간, 계절/열시.png",열시
957,"시간, 계절","aac/시간, 계절/열한시.png",열한시
958,"시간, 계절","aac/시간, 계절/오전.png",오전
959,"시간, 계절","aac/시간, 계절/오후.png",오후
960,"시간, 계절","aac/시간, 계절/월요일.png",월요일
961,"시간, 계절","aac/시간, 계절/일.png",일
962,"시간, 계절","aac/시간, 계절/일곱시.png",일곱시
963,"시간, 계절","aac/시간, 계절/일요일.png",일요일
964,"시간, 계절","aac/시간, 계절/주.png",주
965,"시간, 계절","aac/시간, 계절/주말.png",주말
966,"시간, 계절","aac/시간, 계절/지금.png",지금
967,"시간, 계절","aac/시간, 계절/토요일.png",토요일
968,"시간, 계절","aac/시간, 계절/한시.png",한시
969,"시간, 계절","aac/시간, 계절/항상.png",항상
970,"시간, 계절","aac/시간, 계절/화요일.png",화요일
971,식물,aac/식물/꽃.png,꽃
972,식물,aac/식물/나무.png,나무
973,식물,aac/식물/나뭇가지.png,나뭇가지
974,식물,aac/식물/나뭇잎.png,나뭇잎
975,식물,aac/식물/낙엽.png,낙엽
976,식물,aac/식물/대나무.png,대나무
977,식물,aac/식물/새싹.png,새싹
978,식물,aac/식물/소나무.png,소나무
979,식물,aac/식물/숲.png,숲
980,식물,aac/식물/쌀.png,쌀
981,식물,aac/식물/씨앗.png,씨앗
982,식물,aac/식물/장미.png,장미
983,식물,aac/식물/클로버.png,클로버
984,식물,aac/식물/해바라기.png,해바라기
985,"식사, 먹기","aac/식사, 먹기/간식.png",간식
986,"식사, 먹기","aac/식사, 먹기/간식을 먹다.png",간식을 먹다
987,"식사, 먹기","aac/식사, 먹기/달다.png",달다
988,"식사, 먹기","aac/식사, 먹기/맛있다.png",맛있다
989,"식사, 먹기","aac/식사, 먹기/맵다.png",맵다
990,"식사, 먹기","aac/식사, 먹기/시다.png",시다
991,"식사, 먹기","aac/식사, 먹기/쓰다.png",쓰다
992,"식사, 먹기","aac/식사, 먹기/아침을 먹다.png",아침을 먹다
993,"식사, 먹기","aac/식사, 먹기/점심을 먹다.png",점심을 먹다
994,"식사, 먹기","aac/식사, 먹기/져녁을 먹다.png",져녁을 먹다
995,"옷 입고 벗기, 몸치장","aac/옷 입고 벗기, 몸치장/개다.png",개다
996,"옷 입고 벗기, 몸치장","aac/옷 입고 벗기, 몸치장/구두.png",구두
997,"옷 입고 벗기, 몸치장","aac/옷 입고 벗기, 몸치장/긴팔.png",긴팔
998,"옷 입고 벗기, 몸치장","aac/옷 입고 벗기, 몸치장/꽉 조이다.png",꽉 조이다
999,"옷 입고 벗기, 몸치장","aac/옷 입고 벗기, 몸치장/널다.png",널다
1000,"옷 입고 벗기, 몸치장","aac/옷 입고 벗기, 몸치장/다림질하다.png",다림질하다
1001,"옷 입고 벗기, 몸치장","aac/옷 입고 벗기, 몸치장/드레스.png",드레스
1002,"옷 입고 벗기, 몸치장","aac/옷 입고 벗기, 몸치장/러닝셔츠.png",러닝셔츠
1003,"옷 입고 벗기, 몸치장","aac/옷 입고 벗기, 몸치장/립스틱.png",립스틱
1004,"옷 입고 벗기, 몸치장","aac/옷 입고 벗기, 몸치장/머리를 감다.png",머리를 감다
1005,"옷 입고 벗기, 몸치장","aac/옷 입고 벗기, 몸치장/머리를 말리다.png",머리를 말리다
1006,"옷 입고 벗기, 몸치장","aac/옷 입고 벗기, 몸치장/머리카락.png",머리카락
1007,"옷 입고 벗기, 몸치장","aac/옷 입고 벗기, 몸치장/미용실.png",미용실
1008,"옷 입고 벗기, 몸치장","aac/옷 입고 벗기, 몸치장/바르다.png",바르다
1009,"옷 입고 벗기, 몸치장","aac/옷 입고 벗기, 몸치장/반바지.png",반바지
1010,"옷 입고 벗기, 몸치장","aac/옷 입고 벗기, 몸치장/부츠.png",부츠
1011,"옷 입고 벗기, 몸치장","aac/옷 입고 벗기, 몸치장/빗.png",빗
1012,"옷 입고 벗기, 몸치장","aac/옷 입고 벗기, 몸치장/빗다.png",빗다
1013,"옷 입고 벗기, 몸치장","aac/옷 입고 벗기, 몸치장/빨래바구니.png",빨래바구니
1014,"옷 입고 벗기, 몸치장","aac/옷 입고 벗기, 몸치장/빨래하다.png",빨래하다
1015,"옷 입고 벗기, 몸치장","aac/옷 입고 벗기, 몸치장/샌들.png",샌들
1016,"옷 입고 벗기, 몸치장","aac/옷 입고 벗기, 몸치장/세탁소.png",세탁소
1017,"옷 입고 벗기, 몸치장","aac/옷 입고 벗기, 몸치장/셔츠.png",셔츠
1018,"옷 입고 벗기, 몸치장","aac/옷 입고 벗기, 몸치장/속옷 가게.png",속옷 가게
1019,"옷 입고 벗기, 몸치장","aac/옷 입고 벗기, 몸치장/속옷.png",속옷
1020,"옷 입고 벗기, 몸치장","aac/옷 입고 벗기, 몸치장/수염.png",수염
1021,"옷 입고 벗기, 몸치장","aac/옷 입고 벗기, 몸치장/스웨터.png",스웨터
1022,"옷 입고 벗기, 몸치장","aac/옷 입고 벗기, 몸치장/스타킹.png",스타킹
1023,"옷 입고 벗기, 몸치장","aac/옷 입고 벗기, 몸치장/슬리퍼.png",슬리퍼
1024,"옷 입고 벗기, 몸치장","aac/옷 입고 벗기, 몸치장/신발.png",신발
1025,"옷 입고 벗기, 몸치장","aac/옷 입고 벗기, 몸치장/신발가게.png",신발가게
1026,"옷 입고 벗기, 몸치장","aac/옷 입고 벗기, 몸치장/신발끈.png",신발끈
1027,"옷 입고 벗기, 몸치장","aac/옷 입고 벗기, 몸치장/신발을 벗다.png",신발을 벗다
1028,"옷 입고 벗기, 몸치장","aac/옷 입고 벗기, 몸치장/신발을 신다.png",신발을 신다
1029,"옷 입고 벗기, 몸치장","aac/옷 입고 벗기, 몸치장/썬크림.png",썬크림
1030,"옷 입고 벗기, 몸치장","aac/옷 입고 벗기, 몸치장/앞머리.png",앞머리
1031,"옷 입고 벗기, 몸치장","aac/옷 입고 벗기, 몸치장/양말.png",양말
1032,"옷 입고 벗기, 몸치장","aac/옷 입고 벗기, 몸치장/양말을 벗다.png",양말을 벗다
1033,"옷 입고 벗기, 몸치장","aac/옷 입고 벗기, 몸치장/양말을 신다.png",양말을 신다
1034,"옷 입고 벗기, 몸치장","aac/옷 입고 벗기, 몸치장/양치하다.png",양치하다
1035,"옷 입고 벗기, 몸치장","aac/옷 입고 벗기, 몸치장/얼룩.png",얼룩
1036,"옷 입고 벗기, 몸치장","aac/옷 입고 벗기, 몸치장/옷가게.png",옷가게
1037,"옷 입고 벗기, 몸치장","aac/옷 입고 벗기, 몸치장/옷걸이.png",옷걸이
1038,"옷 입고 벗기, 몸치장","aac/옷 입고 벗기, 몸치장/옷을 걸다.png",옷을 걸다
1039,"옷 입고 벗기, 몸치장","aac/옷 입고 벗기, 몸치장/옷을 벗다.png",옷을 벗다
1040,"옷 입고 벗기, 몸치장","aac/옷 입고 벗기, 몸치장/옷을 입다.png",옷을 입다
1041,"옷 입고 벗기, 몸치장","aac/옷 입고 벗기, 몸치장/운동복.png",운동복
1042,"옷 입고 벗기, 몸치장","aac/옷 입고 벗기, 몸치장/운동화.png",운동화
1043,"옷 입고 벗기, 몸치장","aac/옷 입고 벗기, 몸치장/자르다.png",자르다
1044,"옷 입고 벗기, 몸치장","aac/옷 입고 벗기, 몸치장/잠그다.png",잠그다
1045,"옷 입고 벗기, 몸치장","aac/옷 입고 벗기, 몸치장/잠옷.png",잠옷
1046,"옷 입고 벗기, 몸치장","aac/옷 입고 벗기, 몸치장/조끼.png",조끼
1047,"옷 입고 벗기, 몸치장","aac/옷 입고 벗기, 몸치장/주름진.png",주름진
1048,"옷 입고 벗기, 몸치장","aac/옷 입고 벗기, 몸치장/지퍼를 내리다.png",지퍼를 내리다
1049,"옷 입고 벗기, 몸치장","aac/옷 입고 벗기, 몸치장/지퍼를 올리다.png",지퍼를 올리다
1050,"옷 입고 벗기, 몸치장","aac/옷 입고 벗기, 몸치장/집게.png",집게
1051,"옷 입고 벗기, 몸치장","aac/옷 입고 벗기, 몸치장/청바지.png",청바지
1052,"옷 입고 벗기, 몸치장","aac/옷 입고 벗기, 몸치장/치마.png",치마
1053,"옷 입고 벗기, 몸치장","aac/옷 입고 벗기, 몸치장/코트.png",코트
1054,"옷 입고 벗기, 몸치장","aac/옷 입고 벗기, 몸치장/크림.png",크림
1055,"옷 입고 벗기, 몸치장","aac/옷 입고 벗기, 몸치장/풀다.png",풀다
1056,"옷 입고 벗기, 몸치장","aac/옷 입고 벗기, 몸치장/피팅룸.png",피팅룸
1057,"옷 입고 벗기, 몸치장","aac/옷 입고 벗기, 몸치장/헤어 드라이어.png",헤어 드라이어
1058,"옷 입고 벗기, 몸치장","aac/옷 입고 벗기, 몸치장/화장품 가게.png",화장품 가게
1059,"우체국,은행,관공서","aac/우체국,은행,관공서/가족관계증명서.png",가족관계증명서
1060,"우체국,은행,관공서","aac/우체국,은행,관공서/거절하다.png",거절하다
1061,"우체국,은행,관공서","aac/우체국,은행,관공서/도장 찍다.png",도장 찍다
1062,"우체국,은행,관공서","aac/우체국,은행,관공서/등기 우편물.png",등기 우편물
1063,"우체국,은행,관공서","aac/우체국,은행,관공서/보관하다.png",보관하다
1064,"우체국,은행,관공서","aac/우체국,은행,관공서/복사.png",복사
1065,"우체국,은행,관공서","aac/우체국,은행,관공서/봉투에 넣다.png",봉투에 넣다
1066,"우체국,은행,관공서","aac/우체국,은행,관공서/붙이다.png",붙이다
1067,"우체국,은행,관공서","aac/우체국,은행,관공서/사인하다.png",사인하다
1068,"우체국,은행,관공서","aac/우체국,은행,관공서/서식.png",서식
1069,"우체국,은행,관공서","aac/우체국,은행,관공서/신분증.png",신분증
1070,"우체국,은행,관공서","aac/우체국,은행,관공서/여권.png",여권
1071,"우체국,은행,관공서","aac/우체국,은행,관공서/우체국.png",우체국
1072,"우체국,은행,관공서","aac/우체국,은행,관공서/우편번호.png",우편번호
1073,"우체국,은행,관공서","aac/우체국,은행,관공서/우표.png",우표
1074,"우체국,은행,관공서","aac/우체국,은행,관공서/운전면허증.png",운전면허증
1075,"우체국,은행,관공서","aac/우체국,은행,관공서/전화기.png",전화기
1076,"우체국,은행,관공서","aac/우체국,은행,관공서/전화번호가 뭐예요.png",전화번호가 뭐예요
1077,"우체국,은행,관공서","aac/우체국,은행,관공서/전화하다.png",전화하다
1078,"우체국,은행,관공서","aac/우체국,은행,관공서/졸업장.png",졸업장
1079,"우체국,은행,관공서","aac/우체국,은행,관공서/주소.png",주소
1080,"우체국,은행,관공서","aac/우체국,은행,관공서/증명서.png",증명서
1081,"우체국,은행,관공서","aac/우체국,은행,관공서/지문 조회하다.png",지문 조회하다
1082,"우체국,은행,관공서","aac/우체국,은행,관공서/지문.png",지문
1083,"우체국,은행,관공서","aac/우체국,은행,관공서/처리하다.png",처리하다
1084,"우체국,은행,관공서","aac/우체국,은행,관공서/허가.png",허가
1085,위치,aac/위치/가깝다.png,가깝다
1086,위치,aac/위치/가운데에.png,가운데에
1087,위치,aac/위치/같다.png,같다
1088,위치,aac/위치/기대다.png,기대다
1089,위치,aac/위치/꺼지다.png,꺼지다
1090,위치,aac/위치/나누다.png,나누다
1091,위치,aac/위치/나중에.png,나중에
1092,위치,aac/위치/넓다.png,넓다
1093,위치,aac/위치/눕다.png,눕다
1094,위치,aac/위치/다음.png,다음
1095,위치,aac/위치/돌아눕다.png,돌아눕다
1096,위치,aac/위치/뒤에.png,뒤에
1097,위치,aac/위치/똑바로 눕다.png,똑바로 눕다
1098,위치,aac/위치/마지막.png,마지막
1099,위치,aac/위치/많은.png,많은
1100,위치,aac/위치/멀다.png,멀다
1101,위치,aac/위치/밖에.png,밖에
1102,위치,aac/위치/반.png,반
1103,위치,aac/위치/서다.png,서다
1104,위치,aac/위치/아래에.png,아래에
1105,위치,aac/위치/안에.png,안에
1106,위치,aac/위치/앉다.png,앉다
1107,위치,aac/위치/앞쪽에.png,앞쪽에
1108,위치,aac/위치/엎드리다.png,엎드리다
1109,위치,aac/위치/옆.png,옆
1110,위치,aac/위치/오른쪽.png,오른쪽
1111,위치,aac/위치/왼쪽.png,왼쪽
1112,위치,aac/위치/웅크리다.png,웅크리다
1113,위치,aac/위치/위에.png,위에
1114,위치,aac/위치/이전의.png,이전의
1115,위치,aac/위치/적은.png,적은
1116,위치,aac/위치/전에.png,전에
1117,위치,aac/위치/조각.png,조각
1118,위치,aac/위치/좁다.png,좁다
1119,위치,aac/위치/주위.png,주위
1120,위치,aac/위치/줄.png,줄
1121,위치,aac/위치/지금.png,지금
1122,위치,aac/위치/첫째.png,첫째
1123,위치,aac/위치/켜지다.png,켜지다
1124,위치,aac/위치/키가 작은.png,키가 작은
1125,위치,aac/위치/키가 큰.png,키가 큰
1126,위치,aac/위치/통과해서.png,통과해서
1127,위치,aac/위치/합치다.png,합치다
1128,위치,aac/위치/항상.png,항상
1129,음식,aac/음식/감자칩.png,감자칩
1130,음식,aac/음식/감자튀김.png,감자튀김
1131,음식,aac/음식/계란.png,계란
1132,음식,aac/음식/계란프라이.png,계란프라이
1133,음식,aac/음식/고기.png,고기
1134,음식,aac/음식/꼬치.png,꼬치
1135,음식,aac/음식/꿀.png,꿀
1136,음식,aac/음식/닭고기.png,닭고기
1137,음식,aac/음식/따뜻하다.png,따뜻하다
1138,음식,aac/음식/뚜껑을 덮다.png,뚜껑을 덮다
1139,음식,aac/음식/뚜껑을 열다.png,뚜껑을 열다
1140,음식,aac/음식/레몬에이드.png,레몬에이드
1141,음식,aac/음식/마시다.png,마시다
1142,음식,aac/음식/마시지마세요.png,마시지마세요
1143,음식,aac/음식/마요네즈.png,마요네즈
1144,음식,aac/음식/만두.png,만두
1145,음식,aac/음식/맥주.png,맥주
1146,음식,aac/음식/먹다.png,먹다
1147,음식,aac/음식/먹지마세요.png,먹지마세요
1148,음식,aac/음식/물.png,물
1149,음식,aac/음식/물병.png,물병
1150,음식,aac/음식/물컵.png,물컵
1151,음식,aac/음식/빵.png,빵
1152,음식,aac/음식/사과주스.png,사과주스
1153,음식,aac/음식/사탕.png,사탕
1154,음식,aac/음식/새우튀김.png,새우튀김
1155,음식,aac/음식/샌드위치.png,샌드위치
1156,음식,aac/음식/생선 튀김.png,생선 튀김
1157,음식,aac/음식/소시지 .png,소시지 
1158,음식,aac/음식/솜사탕.png,솜사탕
1159,음식,aac/음식/쇼핑.png,쇼핑
1160,음식,aac/음식/수프.png,수프
1161,음식,aac/음식/순대.png,순대
1162,음식,aac/음식/슈퍼마켓.png,슈퍼마켓
1163,음식,aac/음식/스테이크.png,스테이크
1164,음식,aac/음식/스파게티.png,스파게티
1165,음식,aac/음식/스포츠 음료.png,스포츠 음료
1166,음식,aac/음식/시리얼.png,시리얼
1167,음식,aac/음식/식빵.png,식빵
1168,음식,aac/음식/썰다.png,썰다
1169,음식,aac/음식/아이스크림.png,아이스크림
1170,음식,aac/음식/오렌지주스.png,오렌지주스
1171,음식,aac/음식/오징어튀김.png,오징어튀김
1172,음식,aac/음식/와인.png,와인
1173,음식,aac/음식/요거트.png,요거트
1174,음식,aac/음식/우유.png,우유
1175,음식,aac/음식/유리컵.png,유리컵
1176,음식,aac/음식/자르다.png,자르다
1177,음식,aac/음식/젤리.png,젤리
1178,음식,aac/음식/차 티백.png,차 티백
1179,음식,aac/음식/차갑다.png,차갑다
1180,음식,aac/음식/채우다.png,채우다
1181,음식,aac/음식/초콜릿.png,초콜릿
1182,음식,aac/음식/치즈.png,치즈
1183,음식,aac/음식/치킨.png,치킨
1184,음식,aac/음식/커피.png,커피
1185,음식,aac/음식/커피포트.png,커피포트
1186,음식,aac/음식/콜라.png,콜라
1187,음식,aac/음식/크림치즈.png,크림치즈
1188,음식,aac/음식/탄산수.png,탄산수
1189,음식,aac/음식/토마토주스.png,토마토주스
1190,음식,aac/음식/토스트.png,토스트
1191,음식,aac/음식/튀김.png,튀김
1192,음식,aac/음식/팝콘.png,팝콘
1193,음식,aac/음식/포도주스.png,포도주스
1194,음식,aac/음식/피자.png,피자
1195,음식,aac/음식/핥다.png,핥다
1196,음식,aac/음식/핫도그.png,핫도그
1197,음식,aac/음식/핫초코.png,핫초코
1198,음식,aac/음식/햄.png,햄
1199,음식,aac/음식/햄버거.png,햄버거
1200,음식,aac/음식/흘리다.png,흘리다
1201,"음악, 예술","aac/음악, 예술/가수.png",가수
1202,"음악, 예술","aac/음악, 예술/노래.png",노래
1203,"음악, 예술","aac/음악, 예술/노래부르다.png",노래부르다
1204,"음악, 예술","aac/음악, 예술/리코더.png",리코더
1205,"음악, 예술","aac/음악, 예술/마술.png",마술
1206,"음악, 예술","aac/음악, 예술/무대.png",무대
1207,"음악, 예술","aac/음악, 예술/바이올린.png",바이올린
1208,"음악, 예술","aac/음악, 예술/배우.png",배우
1209,"음악, 예술","aac/음악, 예술/밴드.png",밴드
1210,"음악, 예술","aac/음악, 예술/베이스 기타.png",베이스 기타
1211,"음악, 예술","aac/음악, 예술/볼륨을 높이다.png",볼륨을 높이다
1212,"음악, 예술","aac/음악, 예술/북.png",북
1213,"음악, 예술","aac/음악, 예술/소리를 줄이다.png",소리를 줄이다
1214,"음악, 예술","aac/음악, 예술/악기점.png",악기점
1215,"음악, 예술","aac/음악, 예술/연극.png",연극
1216,"음악, 예술","aac/음악, 예술/연주자.png",연주자
1217,"음악, 예술","aac/음악, 예술/연주회.png",연주회
1218,"음악, 예술","aac/음악, 예술/예술 학교.png",예술 학교
1219,"음악, 예술","aac/음악, 예술/오케스트라.png",오케스트라
1220,"음악, 예술","aac/음악, 예술/오페라.png",오페라
1221,"음악, 예술","aac/음악, 예술/음악 선생님.png",음악 선생님
1222,"음악, 예술","aac/음악, 예술/음악을 듣다.png",음악을 듣다
1223,"음악, 예술","aac/음악, 예술/인형극.png",인형극
1224,"음악, 예술","aac/음악, 예술/작곡하다.png",작곡하다
1225,"음악, 예술","aac/음악, 예술/지휘자.png",지휘자
1226,"음악, 예술","aac/음악, 예술/지휘하다.png",지휘하다
1227,"음악, 예술","aac/음악, 예술/캐롤.png",캐롤
1228,"음악, 예술","aac/음악, 예술/표.png",표
1229,"음악, 예술","aac/음악, 예술/피아노.png",피아노
1230,"음악, 예술","aac/음악, 예술/합창단.png",합창단
1231,"음악, 예술","aac/음악, 예술/현악기.png",현악기
1232,"이동, 교통","aac/이동, 교통/desktop.ini",desktop
1233,"이동, 교통","aac/이동, 교통/결항되다.png",결항되다
1234,"이동, 교통","aac/이동, 교통/경찰차.png",경찰차
1235,"이동, 교통","aac/이동, 교통/고속열차.png",고속열차
1236,"이동, 교통","aac/이동, 교통/교통카드.png",교통카드
1237,"이동, 교통","aac/이동, 교통/구급차.png",구급차
1238,"이동, 교통","aac/이동, 교통/기차.png",기차
1239,"이동, 교통","aac/이동, 교통/기차를 기다리다.png",기차를 기다리다
1240,"이동, 교통","aac/이동, 교통/기차역.png",기차역
1241,"이동, 교통","aac/이동, 교통/길을 잃다.png",길을 잃다
1242,"이동, 교통","aac/이동, 교통/끼우다.png",끼우다
1243,"이동, 교통","aac/이동, 교통/놓치다.png",놓치다
1244,"이동, 교통","aac/이동, 교통/동행인.png",동행인
1245,"이동, 교통","aac/이동, 교통/버스 문이 닫히다.png",버스 문이 닫히다
1246,"이동, 교통","aac/이동, 교통/버스 문이 열리다.png",버스 문이 열리다
1247,"이동, 교통","aac/이동, 교통/버스 터미널.png",버스 터미널
1248,"이동, 교통","aac/이동, 교통/버스.png",버스
1249,"이동, 교통","aac/이동, 교통/버스를 기다리다.png",버스를 기다리다
1250,"이동, 교통","aac/이동, 교통/버스에 타다.png",버스에 타다
1251,"이동, 교통","aac/이동, 교통/버스에서 내리다.png",버스에서 내리다
1252,"이동, 교통","aac/이동, 교통/버스카드를 찍다.png",버스카드를 찍다
1253,"이동, 교통","aac/이동, 교통/보행자.png",보행자
1254,"이동, 교통","aac/이동, 교통/빼다.png",빼다
1255,"이동, 교통","aac/이동, 교통/스쿨버스.png",스쿨버스
1256,"이동, 교통","aac/이동, 교통/신호등.png",신호등
1257,"이동, 교통","aac/이동, 교통/안내소.png",안내소
1258,"이동, 교통","aac/이동, 교통/안전벨트.png",안전벨트
1259,"이동, 교통","aac/이동, 교통/운전기사.png",운전기사
1260,"이동, 교통","aac/이동, 교통/운전하다.png",운전하다
1261,"이동, 교통","aac/이동, 교통/자동차.png",자동차
1262,"이동, 교통","aac/이동, 교통/주위를 살피다.png",주위를 살피다
1263,"이동, 교통","aac/이동, 교통/주유소.png",주유소
1264,"이동, 교통","aac/이동, 교통/주유하다.png",주유하다
1265,"이동, 교통","aac/이동, 교통/줄을 서다.png",줄을 서다
1266,"이동, 교통","aac/이동, 교통/지하철.png",지하철
1267,"이동, 교통","aac/이동, 교통/차에 타다.png",차에 타다
1268,"이동, 교통","aac/이동, 교통/차에서 내리다.png",차에서 내리다
1269,"이동, 교통","aac/이동, 교통/초록불이 켜지다.png",초록불이 켜지다
1270,"이동, 교통","aac/이동, 교통/타다.png",타다
1271,"이동, 교통","aac/이동, 교통/택시 승강장.png",택시 승강장
1272,"이동, 교통","aac/이동, 교통/택시.png",택시
1273,"이동, 교통","aac/이동, 교통/택시를 부르다.png",택시를 부르다
1274,"이동, 교통","aac/이동, 교통/표.png",표
1275,"이동, 교통","aac/이동, 교통/하차벨을 누르다.png",하차벨을 누르다
1276,"이동, 교통","aac/이동, 교통/휠체어 발판.png",휠체어 발판
1277,"이동, 교통","aac/이동, 교통/휠체어로 이동하다.png",휠체어로 이동하다
1278,인사하기,aac/인사하기/감사합니다.png,감사합니다
1279,인사하기,aac/인사하기/안녕.png,안녕
1280,인사하기,aac/인사하기/어서오세요.png,어서오세요
1281,인사하기,aac/인사하기/이름이 뭐예요.png,이름이 뭐예요
1282,인사하기,aac/인사하기/잘가.png,잘가
1283,인사하기,aac/인사하기/잘자.png,잘자
1284,인사하기,aac/인사하기/전화번호가 뭐예요.png,전화번호가 뭐예요
1285,장소,aac/장소/가전제품 가게.png,가전제품 가게
1286,장소,aac/장소/강.png,강
1287,장소,aac/장소/경찰서.png,경찰서
1288,장소,aac/장소/공항.png,공항
1289,장소,aac/장소/농구장.png,농구장
1290,장소,aac/장소/레스토랑 .png,레스토랑 
1291,장소,aac/장소/매표소.png,매표소
1292,장소,aac/장소/메뉴.png,메뉴
1293,장소,aac/장소/바다.png,바다
1294,장소,aac/장소/병원.png,병원
1295,장소,aac/장소/보조 화장실.png,보조 화장실
1296,장소,aac/장소/뷔페.png,뷔페
1297,장소,aac/장소/샤워실.png,샤워실
1298,장소,aac/장소/소방서.png,소방서
1299,장소,aac/장소/수영장.png,수영장
1300,장소,aac/장소/수유실.png,수유실
1301,장소,aac/장소/스키장.png,스키장
1302,장소,aac/장소/식당.png,식당
1303,장소,aac/장소/아이스링크.png,아이스링크
1304,장소,aac/장소/야구장.png,야구장
1305,장소,aac/장소/우체국.png,우체국
1306,장소,aac/장소/의무실.png,의무실
1307,장소,aac/장소/주문하다.png,주문하다
1308,장소,aac/장소/주유소.png,주유소
1309,장소,aac/장소/주차장.png,주차장
1310,장소,aac/장소/지하실.png,지하실
1311,장소,aac/장소/짐보관함.png,짐보관함
1312,장소,aac/장소/청소부.png,청소부
1313,장소,aac/장소/체육공원.png,체육공원
1314,장소,aac/장소/체육관.png,체육관
1315,장소,aac/장소/축구장.png,축구장
1316,장소,aac/장소/침실.png,침실
1317,장소,aac/장소/카페.png,카페
1318,장소,aac/장소/패스트푸드점.png,패스트푸드점
1319,장소,aac/장소/펫샵.png,펫샵
1320,장소,aac/장소/피자가게.png,피자가게
1321,장소,aac/장소/호텔.png,호텔
1322,장소,aac/장소/화장실.png,화장실
1323,장소,aac/장소/휴대폰 판매점.png,휴대폰 판매점
1324,"질문, 대답","aac/질문, 대답/괜찮아요.png",괜찮아요
1325,"질문, 대답","aac/질문, 대답/괜찮지 않아요.png",괜찮지 않아요
1326,"질문, 대답","aac/질문, 대답/네.png",네
1327,"질문, 대답","aac/질문, 대답/도와주세요.png",도와주세요
1328,"질문, 대답","aac/질문, 대답/어디있어요.png",어디있어요
1329,"질문, 대답","aac/질문, 대답/우리 어디 가요.png",우리 어디 가요
1330,"질문, 대답","aac/질문, 대답/화장실 갈래요.png",화장실 갈래요
1331,책보기,aac/책보기/공부.png,공부
1332,책보기,aac/책보기/과학서적.png,과학서적
1333,책보기,aac/책보기/나는 읽지 못해요.png,나는 읽지 못해요
1334,책보기,aac/책보기/넘기다.png,넘기다
1335,책보기,aac/책보기/덮다.png,덮다
1336,책보기,aac/책보기/도서관.png,도서관
1337,책보기,aac/책보기/동화.png,동화
1338,책보기,aac/책보기/목차.png,목차
1339,책보기,aac/책보기/사서.png,사서
1340,책보기,aac/책보기/서점.png,서점
1341,책보기,aac/책보기/시.png,시
1342,책보기,aac/책보기/신분증.png,신분증
1343,책보기,aac/책보기/읽다.png,읽다
1344,책보기,aac/책보기/전기.png,전기
1345,책보기,aac/책보기/정리하다.png,정리하다
1346,책보기,aac/책보기/책 판매원.png,책 판매원
1347,책보기,aac/책보기/책.png,책
1348,책보기,aac/책보기/책갈피.png,책갈피
1349,책보기,aac/책보기/책을 돌려주다.png,책을 돌려주다
1350,책보기,aac/책보기/책을 빌려주다.png,책을 빌려주다
1351,책보기,aac/책보기/펴다.png,펴다
1352,"청소, 정리","aac/청소, 정리/대걸레 양동이.png",대걸레 양동이
1353,"청소, 정리","aac/청소, 정리/대걸레.png",대걸레
1354,"청소, 정리","aac/청소, 정리/뚫어뻥.png",뚫어뻥
1355,"청소, 정리","aac/청소, 정리/물티슈.png",물티슈
1356,"청소, 정리","aac/청소, 정리/버리다.png",버리다
1357,"청소, 정리","aac/청소, 정리/붓다.png",붓다
1358,"청소, 정리","aac/청소, 정리/빗자루.png",빗자루
1359,"청소, 정리","aac/청소, 정리/살충제.png",살충제
1360,"청소, 정리","aac/청소, 정리/설거지하다.png",설거지하다
1361,"청소, 정리","aac/청소, 정리/섬유 유연제.png",섬유 유연제
1362,"청소, 정리","aac/청소, 정리/세제통.png",세제통
1363,"청소, 정리","aac/청소, 정리/세탁세제.png",세탁세제
1364,"청소, 정리","aac/청소, 정리/수세미.png",수세미
1365,"청소, 정리","aac/청소, 정리/스프레이를 뿌리다.png",스프레이를 뿌리다
1366,"청소, 정리","aac/청소, 정리/쓰레기.png",쓰레기
1367,"청소, 정리","aac/청소, 정리/쓰레기봉투.png",쓰레기봉투
1368,"청소, 정리","aac/청소, 정리/쓰레기통.png",쓰레기통
1369,"청소, 정리","aac/청소, 정리/쓰레받기.png",쓰레받기
1370,"청소, 정리","aac/청소, 정리/양동이.png",양동이
1371,"청소, 정리","aac/청소, 정리/재활용수거함.png",재활용수거함
1372,"청소, 정리","aac/청소, 정리/주방세제.png",주방세제
1373,"청소, 정리","aac/청소, 정리/짜다.png",짜다
1374,"청소, 정리","aac/청소, 정리/청소 및 가정용품 가게.png",청소 및 가정용품 가게
1375,"청소, 정리","aac/청소, 정리/청소기.png",청소기
1376,"청소, 정리","aac/청소, 정리/청소하다.png",청소하다
1377,"청소, 정리","aac/청소, 정리/표백제.png",표백제
1378,"청소, 정리","aac/청소, 정리/화장실 청소솔.png",화장실 청소솔
1379,"청소, 정리","aac/청소, 정리/휴지.png",휴지
1380,치료실,aac/치료실/간병인.png,간병인
1381,치료실,aac/치료실/귀가 안들리다.png,귀가 안들리다
1382,치료실,aac/치료실/들이마시다.png,들이마시다
1383,치료실,aac/치료실/말을 못하다.png,말을 못하다
1384,치료실,aac/치료실/목발로 걷다.png,목발로 걷다
1385,치료실,aac/치료실/보모.png,보모
1386,치료실,aac/치료실/상담사.png,상담사
1387,치료실,aac/치료실/시각장애인.png,시각장애인
1388,치료실,aac/치료실/안내인.png,안내인
1389,치료실,aac/치료실/약을 먹다.png,약을 먹다
1390,치료실,aac/치료실/재활하다.png,재활하다
1391,치료실,aac/치료실/접종하다.png,접종하다
1392,치료실,aac/치료실/지체장애.png,지체장애
1393,치료실,aac/치료실/처방전을 쓰다.png,처방전을 쓰다
1394,치료실,aac/치료실/침술.png,침술
1395,치료실,aac/치료실/휠체어를 밀다.png,휠체어를 밀다
1396,컴퓨터,aac/컴퓨터/끄다.png,끄다
1397,컴퓨터,aac/컴퓨터/방전된 배터리.png,방전된 배터리
1398,컴퓨터,aac/컴퓨터/배터리를 교체하다.png,배터리를 교체하다
1399,컴퓨터,aac/컴퓨터/배터리를 충전하다.png,배터리를 충전하다
1400,컴퓨터,aac/컴퓨터/비밀번호 .png,비밀번호 
1401,컴퓨터,aac/컴퓨터/시청하다.png,시청하다
1402,컴퓨터,aac/컴퓨터/와이파이.png,와이파이
1403,컴퓨터,aac/컴퓨터/웹페이지 .png,웹페이지 
1404,컴퓨터,aac/컴퓨터/이메일 주소가 뭐예요.png,이메일 주소가 뭐예요
1405,컴퓨터,aac/컴퓨터/이메일.png,이메일
1406,컴퓨터,aac/컴퓨터/인증하다.png,인증하다
1407,컴퓨터,aac/컴퓨터/인터넷.png,인터넷
1408,컴퓨터,aac/컴퓨터/전자상가.png,전자상가
1409,컴퓨터,aac/컴퓨터/전화번호.png,전화번호
1410,컴퓨터,aac/컴퓨터/채널을 바꾸다.png,채널을 바꾸다
1411,컴퓨터,aac/컴퓨터/충전기.png,충전기
1412,컴퓨터,aac/컴퓨터/컴퓨터 작업을 하다.png,컴퓨터 작업을 하다
1413,컴퓨터,aac/컴퓨터/컴퓨터.png,컴퓨터
1414,컴퓨터,aac/컴퓨터/켜다.png,켜다
1415,컴퓨터,aac/컴퓨터/휴대폰.png,휴대폰
1416,학교,aac/학교/가위.png,가위
1417,학교,aac/학교/간호실.png,간호실
1418,학교,aac/학교/게시판.png,게시판
1419,학교,aac/학교/공책.png,공책
1420,학교,aac/학교/교장선생님.png,교장선생님
1421,학교,aac/학교/꺼내다.png,꺼내다
1422,학교,aac/학교/넣다.png,넣다
1423,학교,aac/학교/노인학교.png,노인학교
1424,학교,aac/학교/데리러가다.png,데리러가다
1425,학교,aac/학교/등교.png,등교
1426,학교,aac/학교/몇 학년이에요.png,몇 학년이에요
1427,학교,aac/학교/물감.png,물감
1428,학교,aac/학교/미술 수업.png,미술 수업
1429,학교,aac/학교/배낭을 매다.png,배낭을 매다
1430,학교,aac/학교/배우다.png,배우다
1431,학교,aac/학교/보관.png,보관
1432,학교,aac/학교/볼펜.png,볼펜
1433,학교,aac/학교/붓.png,붓
1434,학교,aac/학교/붙이다.png,붙이다
1435,학교,aac/학교/사인펜.png,사인펜
1436,학교,aac/학교/사전.png,사전
1437,학교,aac/학교/사회 과학.png,사회 과학
1438,학교,aac/학교/상.png,상
1439,학교,aac/학교/색연필.png,색연필
1440,학교,aac/학교/색종이.png,색종이
1441,학교,aac/학교/색칠하다.png,색칠하다
1442,학교,aac/학교/선생님 .png,선생님 
1443,학교,aac/학교/수학.png,수학
1444,학교,aac/학교/숙제.png,숙제
1445,학교,aac/학교/쉬는시간.png,쉬는시간
1446,학교,aac/학교/스카치 테이프.png,스카치 테이프
1447,학교,aac/학교/스테이플러.png,스테이플러
1448,학교,aac/학교/스티커.png,스티커
1449,학교,aac/학교/시간표.png,시간표
1450,학교,aac/학교/식당.png,식당
1451,학교,aac/학교/실험실.png,실험실
1452,학교,aac/학교/쓰다.png,쓰다
1453,학교,aac/학교/연필.png,연필
1454,학교,aac/학교/연필깎이.png,연필깎이
1455,학교,aac/학교/외국어 수업.png,외국어 수업
1456,학교,aac/학교/운동장.png,운동장
1457,학교,aac/학교/유성매직.png,유성매직
1458,학교,aac/학교/음악 수업.png,음악 수업
1459,학교,aac/학교/이동하다.png,이동하다
1460,학교,aac/학교/이름표.png,이름표
1461,학교,aac/학교/읽다.png,읽다
1462,학교,aac/학교/자.png,자
1463,학교,aac/학교/자르다.png,자르다
1464,학교,aac/학교/졸업.png,졸업
1465,학교,aac/학교/종교 수업.png,종교 수업
1466,학교,aac/학교/종이.png,종이
1467,학교,aac/학교/종이접기.png,종이접기
1468,학교,aac/학교/주다.png,주다
1469,학교,aac/학교/지우다.png,지우다
1470,학교,aac/학교/책.png,책
1471,학교,aac/학교/체육수업.png,체육수업
1472,학교,aac/학교/출구.png,출구
1473,학교,aac/학교/출석하다.png,출석하다
1474,학교,aac/학교/칠판.png,칠판
1475,학교,aac/학교/컴퓨터실.png,컴퓨터실
1476,학교,aac/학교/틀리다.png,틀리다
1477,학교,aac/학교/퍼즐.png,퍼즐
1478,학교,aac/학교/펀치.png,펀치
1479,학교,aac/학교/포스트잇.png,포스트잇
1480,학교,aac/학교/풀.png,풀
1481,학교,aac/학교/필통.png,필통
1482,학교,aac/학교/하교.png,하교
1483,학교,aac/학교/학교.png,학교
1484,학교,aac/학교/학생.png,학생
1485,학교,aac/학교/행사.png,행사
1486,학교,aac/학교/형광펜.png,형광펜
1487,학교,aac/학교/휴지통.png,휴지통
